Order_ID,Book_Title,Author,Genre,Customer_Age,Customer_Gender,Country,Purchase_Date,Units_Sold,Sale_Price,Cost_Price,Revenue,Cost,Profit,Profit_Margin
1000,Computer Vision Essentials,Sarah Johnson,Beginner,64,Male,Australia,2024-08-08,10,32.97,14.8,329.7,148.0,181.7,55.11
1001,AI Ethics Handbook,Michael Chen,Advanced,37,Male,USA,2024-09-29,2,57.15,25.01,114.3,50.02,64.28,56.24
1002,Computer Vision Essentials,Michael Chen,Advanced,70,Female,USA,2024-02-17,4,44.94,21.46,179.76,85.84,93.92,52.25
1003,AI Basics,David Lee,Business,65,Male,UK,2024-11-26,8,44.6,27.41,356.8,219.28,137.52,38.54
1004,Neural Networks Explained,Sophia Davis,Advanced,19,Male,USA,2024-12-29,4,51.21,32.77,204.84,131.08,73.76,36.01
1005,Computer Vision Essentials,Sophia Davis,Beginner,20,Male,UK,2024-03-18,7,34.51,20.17,241.57,141.19,100.38,41.55
1006,AI Automation,Sophia Davis,Technical,42,Female,UK,2024-05-23,10,59.99,39.43,599.9,394.3,205.6,34.27
1007,Natural Language Processing,Sarah Johnson,Beginner,58,Male,Canada,2024-04-07,4,26.98,11.37,107.92,45.48,62.44,57.86
1008,Deep Learning Mastery,Emma Brown,Beginner,44,Male,USA,2024-07-31,4,37.2,17.79,148.8,71.16,77.64,52.18
1009,AI Automation,John Smith,Business,46,Male,UK,2024-10-21,10,35.61,15.45,356.1,154.5,201.6,56.61
1010,Deep Learning Mastery,Sophia Davis,Business,30,Female,Germany,2024-03-24,8,46.95,31.13,375.6,249.04,126.56,33.7
1011,AI Basics,Sarah Johnson,Business,39,Female,Germany,2024-07-17,10,52.56,21.57,525.6,215.7,309.9,58.96
1012,Python for AI,Sophia Davis,Beginner,42,Male,UK,2024-12-22,5,39.31,18.12,196.55,90.6,105.95,53.9
1013,AI in Business,John Smith,Beginner,47,Female,Germany,2024-01-09,1,21.47,8.68,21.47,8.68,12.79,59.57
1014,Machine Learning Guide,John Smith,Beginner,40,Male,Australia,2024-10-23,4,15.19,6.88,60.76,27.52,33.24,54.71
1015,AI Ethics Handbook,Sophia Davis,Business,43,Male,Australia,2024-06-27,5,44.8,27.0,224.0,135.0,89.0,39.73
1016,AI Automation,Sophia Davis,Beginner,23,Male,Canada,2024-04-07,1,19.19,13.37,19.19,13.37,5.82,30.33
1017,Deep Learning Mastery,Sarah Johnson,Business,62,Female,India,2024-08-11,6,39.1,26.65,234.6,159.9,74.7,31.84
1018,Natural Language Processing,David Lee,Advanced,62,Female,Australia,2024-08-09,6,54.76,30.15,328.56,180.9,147.66,44.94
1019,AI in Business,David Lee,Advanced,44,Female,Australia,2024-08-03,5,35.57,22.82,177.85,114.1,63.75,35.84
1020,Python for AI,David Lee,Beginner,29,Male,UK,2024-02-12,2,39.88,20.33,79.76,40.66,39.1,49.02
1021,AI Automation,David Lee,Advanced,53,Female,Germany,2024-01-14,9,33.0,21.98,297.0,197.82,99.18,33.39
1022,AI Ethics Handbook,David Lee,Business,54,Male,UK,2024-10-31,4,17.1,9.4,68.4,37.6,30.8,45.03
1023,Python for AI,Michael Chen,Technical,52,Female,India,2024-03-20,1,39.88,22.32,39.88,22.32,17.56,44.03
1024,AI in Business,John Smith,Beginner,43,Male,Canada,2024-03-13,2,29.04,14.37,58.08,28.74,29.34,50.52
1025,Python for AI,John Smith,Advanced,24,Female,Australia,2024-07-12,1,47.13,20.93,47.13,20.93,26.2,55.59
1026,AI Automation,Emma Brown,Advanced,44,Male,Australia,2024-10-12,3,59.02,28.19,177.06,84.57,92.49,52.24
1027,Python for AI,David Lee,Technical,32,Male,UK,2024-01-01,1,37.5,21.91,37.5,21.91,15.59,41.57
1028,AI Ethics Handbook,Sarah Johnson,Advanced,70,Male,Germany,2024-04-03,2,49.9,25.98,99.8,51.96,47.84,47.94
1029,AI Automation,Emma Brown,Beginner,42,Male,UK,2024-10-26,3,31.7,18.62,95.1,55.86,39.24,41.26
1030,Python for AI,Michael Chen,Technical,45,Female,USA,2024-09-22,9,52.28,29.29,470.52,263.61,206.91,43.97
1031,AI in Business,John Smith,Technical,21,Male,Canada,2024-01-12,9,34.29,16.6,308.61,149.4,159.21,51.59
1032,Machine Learning Guide,Sophia Davis,Beginner,63,Male,Australia,2024-10-04,7,44.55,18.07,311.85,126.49,185.36,59.44
1033,AI Automation,Sophia Davis,Business,26,Male,UK,2024-05-07,7,26.91,15.54,188.37,108.78,79.59,42.25
1034,Machine Learning Guide,Sophia Davis,Technical,44,Female,Germany,2024-09-28,5,38.64,23.74,193.2,118.7,74.5,38.56
1035,Neural Networks Explained,David Lee,Technical,40,Female,UK,2024-04-10,3,40.03,27.03,120.09,81.09,39.0,32.48
1036,AI Automation,David Lee,Advanced,57,Male,Germany,2024-03-22,3,18.14,10.99,54.42,32.97,21.45,39.42
1037,AI in Business,Emma Brown,Advanced,57,Male,USA,2024-12-14,2,42.94,29.58,85.88,59.16,26.72,31.11
1038,Python for AI,Sarah Johnson,Technical,43,Male,USA,2024-01-05,2,53.94,26.48,107.88,52.96,54.92,50.91
1039,AI Basics,John Smith,Technical,18,Male,UK,2024-02-08,1,19.55,8.83,19.55,8.83,10.72,54.83
1040,AI Ethics Handbook,Michael Chen,Beginner,70,Female,UK,2024-12-11,2,42.89,19.74,85.78,39.48,46.3,53.98
1041,Machine Learning Guide,David Lee,Technical,41,Female,USA,2024-04-03,9,28.14,12.01,253.26,108.09,145.17,57.32
1042,AI Automation,John Smith,Technical,68,Male,Australia,2024-05-31,3,43.92,21.96,131.76,65.88,65.88,50.0
1043,Computer Vision Essentials,David Lee,Technical,38,Female,UK,2024-12-12,8,46.29,28.51,370.32,228.08,142.24,38.41
1044,Python for AI,David Lee,Business,20,Male,Canada,2024-07-15,6,24.26,11.26,145.56,67.56,78.0,53.59
1045,AI in Business,Sophia Davis,Business,63,Female,Canada,2024-01-18,1,58.38,25.23,58.38,25.23,33.15,56.78
1046,AI in Business,David Lee,Business,35,Female,Canada,2024-06-11,6,21.1,12.37,126.6,74.22,52.38,41.37
1047,Deep Learning Mastery,John Smith,Beginner,52,Male,USA,2024-07-08,6,24.55,12.72,147.3,76.32,70.98,48.19
1048,AI Automation,Sarah Johnson,Business,68,Male,Canada,2024-01-10,9,50.62,23.19,455.58,208.71,246.87,54.19
1049,AI in Business,David Lee,Beginner,61,Male,UK,2024-02-25,4,53.12,35.4,212.48,141.6,70.88,33.36
1050,AI Automation,Michael Chen,Business,22,Female,India,2024-07-16,8,55.46,37.87,443.68,302.96,140.72,31.72
1051,Natural Language Processing,Michael Chen,Advanced,57,Male,USA,2024-08-24,6,50.29,23.87,301.74,143.22,158.52,52.54
1052,AI in Business,John Smith,Beginner,59,Female,India,2024-06-10,4,23.79,12.27,95.16,49.08,46.08,48.42
1053,Neural Networks Explained,Sarah Johnson,Business,67,Female,Germany,2024-04-28,8,24.62,14.18,196.96,113.44,83.52,42.4
1054,AI Automation,Sarah Johnson,Business,22,Male,Australia,2024-05-16,9,24.04,16.76,216.36,150.84,65.52,30.28
1055,Machine Learning Guide,Sarah Johnson,Technical,41,Female,UK,2024-07-01,6,57.04,23.29,342.24,139.74,202.5,59.17
1056,Machine Learning Guide,John Smith,Business,50,Male,Australia,2024-02-25,6,18.84,9.84,113.04,59.04,54.0,47.77
1057,Natural Language Processing,Sarah Johnson,Beginner,42,Male,Australia,2024-08-16,2,46.88,32.31,93.76,64.62,29.14,31.08
1058,Neural Networks Explained,Sophia Davis,Business,64,Male,Germany,2024-01-25,9,24.71,11.9,222.39,107.1,115.29,51.84
1059,Machine Learning Guide,Michael Chen,Advanced,58,Male,USA,2024-07-06,5,46.55,23.73,232.75,118.65,114.1,49.02
1060,AI Ethics Handbook,Sarah Johnson,Beginner,64,Male,Canada,2024-06-13,9,50.16,29.75,451.44,267.75,183.69,40.69
1061,Python for AI,John Smith,Technical,28,Female,Australia,2024-03-12,8,36.04,16.81,288.32,134.48,153.84,53.36
1062,AI Ethics Handbook,David Lee,Business,31,Male,Canada,2024-05-10,6,16.94,8.58,101.64,51.48,50.16,49.35
1063,AI Ethics Handbook,Emma Brown,Advanced,34,Male,UK,2024-01-18,6,52.37,24.3,314.22,145.8,168.42,53.6
1064,AI Ethics Handbook,Sarah Johnson,Business,42,Male,Australia,2024-11-19,8,57.96,33.16,463.68,265.28,198.4,42.79
1065,AI Basics,Michael Chen,Beginner,44,Female,Australia,2024-04-23,7,27.32,11.65,191.24,81.55,109.69,57.36
1066,AI in Business,David Lee,Beginner,54,Male,USA,2024-12-15,8,25.23,10.92,201.84,87.36,114.48,56.72
1067,AI Automation,John Smith,Advanced,53,Female,India,2024-05-01,3,34.51,16.96,103.53,50.88,52.65,50.85
1068,Neural Networks Explained,John Smith,Advanced,24,Female,Australia,2024-04-04,4,45.59,20.29,182.36,81.16,101.2,55.49
1069,Deep Learning Mastery,Emma Brown,Technical,70,Female,Australia,2024-03-06,10,38.47,17.9,384.7,179.0,205.7,53.47
1070,Python for AI,Michael Chen,Beginner,26,Male,USA,2024-08-06,3,27.52,17.09,82.56,51.27,31.29,37.9
1071,Python for AI,Sarah Johnson,Business,43,Female,India,2024-07-20,3,49.51,25.46,148.53,76.38,72.15,48.58
1072,Computer Vision Essentials,Emma Brown,Beginner,53,Female,Germany,2024-03-14,4,18.5,10.59,74.0,42.36,31.64,42.76
1073,Machine Learning Guide,John Smith,Beginner,29,Female,UK,2024-06-12,8,36.84,17.41,294.72,139.28,155.44,52.74
1074,AI Automation,David Lee,Advanced,19,Male,India,2024-01-26,2,44.85,24.22,89.7,48.44,41.26,46.0
1075,Deep Learning Mastery,Sarah Johnson,Beginner,19,Female,USA,2024-03-02,8,30.24,13.59,241.92,108.72,133.2,55.06
1076,Neural Networks Explained,Sophia Davis,Business,35,Female,UK,2024-03-31,2,30.32,16.41,60.64,32.82,27.82,45.88
1077,Neural Networks Explained,Emma Brown,Business,42,Female,Germany,2024-09-09,6,41.41,19.18,248.46,115.08,133.38,53.68
1078,AI Basics,David Lee,Advanced,24,Female,Germany,2024-08-18,10,37.89,16.99,378.9,169.9,209.0,55.16
1079,Python for AI,Michael Chen,Advanced,69,Female,Canada,2024-04-17,7,27.77,19.2,194.39,134.4,59.99,30.86
1080,Neural Networks Explained,Michael Chen,Beginner,51,Male,India,2024-11-06,8,17.7,7.25,141.6,58.0,83.6,59.04
1081,Neural Networks Explained,Michael Chen,Beginner,45,Male,Australia,2024-12-15,8,36.77,16.54,294.16,132.32,161.84,55.02
1082,Python for AI,Michael Chen,Technical,25,Male,Canada,2024-02-27,5,25.15,12.86,125.75,64.3,61.45,48.87
1083,AI Automation,Sarah Johnson,Beginner,45,Female,India,2024-08-18,10,52.34,32.34,523.4,323.4,200.0,38.21
1084,Neural Networks Explained,Sarah Johnson,Advanced,55,Female,India,2024-12-26,2,48.92,29.89,97.84,59.78,38.06,38.9
1085,Python for AI,John Smith,Business,44,Male,Australia,2024-05-20,10,30.21,15.23,302.1,152.3,149.8,49.59
1086,Deep Learning Mastery,John Smith,Advanced,46,Male,Germany,2024-01-28,1,31.39,17.4,31.39,17.4,13.99,44.57
1087,AI Basics,David Lee,Advanced,49,Male,Australia,2024-06-01,1,26.53,17.83,26.53,17.83,8.7,32.79
1088,AI Basics,John Smith,Advanced,33,Female,USA,2024-07-12,1,16.17,9.88,16.17,9.88,6.29,38.9
1089,Natural Language Processing,Sarah Johnson,Technical,49,Male,UK,2024-12-28,8,30.63,17.34,245.04,138.72,106.32,43.39
1090,Python for AI,Michael Chen,Business,56,Female,India,2024-08-28,4,38.9,23.08,155.6,92.32,63.28,40.67
1091,AI Ethics Handbook,John Smith,Beginner,45,Male,USA,2024-07-24,6,29.03,19.69,174.18,118.14,56.04,32.17
1092,Natural Language Processing,Sarah Johnson,Technical,70,Male,Germany,2024-04-25,7,26.64,11.78,186.48,82.46,104.02,55.78
1093,AI Basics,David Lee,Business,30,Male,USA,2024-03-15,9,52.52,27.8,472.68,250.2,222.48,47.07
1094,Deep Learning Mastery,David Lee,Business,64,Female,India,2024-06-17,2,31.4,20.02,62.8,40.04,22.76,36.24
1095,Machine Learning Guide,Michael Chen,Technical,48,Male,India,2024-06-19,4,28.93,15.2,115.72,60.8,54.92,47.46
1096,Machine Learning Guide,Sarah Johnson,Beginner,45,Female,Australia,2024-07-17,7,16.39,8.64,114.73,60.48,54.25,47.28
1097,Machine Learning Guide,Emma Brown,Business,34,Male,Germany,2024-05-21,7,45.16,20.95,316.12,146.65,169.47,53.61
1098,Computer Vision Essentials,John Smith,Technical,39,Female,UK,2024-03-11,5,15.27,9.21,76.35,46.05,30.3,39.69
1099,Deep Learning Mastery,John Smith,Business,39,Male,UK,2024-10-13,8,17.03,8.55,136.24,68.4,67.84,49.79
1100,Computer Vision Essentials,John Smith,Advanced,54,Female,UK,2024-11-01,9,29.87,18.55,268.83,166.95,101.88,37.9
1101,Deep Learning Mastery,Emma Brown,Advanced,34,Female,Australia,2024-02-04,6,28.98,18.73,173.88,112.38,61.5,35.37
1102,Python for AI,Emma Brown,Business,41,Female,Australia,2024-02-16,10,18.08,9.7,180.8,97.0,83.8,46.35
1103,Natural Language Processing,Michael Chen,Beginner,43,Male,India,2024-02-10,4,58.45,35.2,233.8,140.8,93.0,39.78
1104,Natural Language Processing,Sophia Davis,Business,67,Female,Canada,2024-03-14,8,55.81,34.05,446.48,272.4,174.08,38.99
1105,AI Ethics Handbook,Sarah Johnson,Advanced,62,Female,India,2024-06-01,5,25.49,15.25,127.45,76.25,51.2,40.17
1106,Natural Language Processing,Sophia Davis,Technical,51,Female,Canada,2024-08-12,10,25.44,17.44,254.4,174.4,80.0,31.45
1107,Natural Language Processing,David Lee,Advanced,23,Male,Canada,2024-04-11,6,40.11,20.39,240.66,122.34,118.32,49.16
1108,Deep Learning Mastery,Emma Brown,Technical,69,Male,UK,2024-01-05,7,44.16,18.73,309.12,131.11,178.01,57.59
1109,AI Automation,John Smith,Beginner,63,Female,Canada,2024-06-20,2,54.93,26.11,109.86,52.22,57.64,52.47
1110,AI Automation,Sophia Davis,Beginner,34,Male,UK,2024-08-19,1,46.1,25.9,46.1,25.9,20.2,43.82
1111,Machine Learning Guide,Michael Chen,Technical,40,Male,UK,2024-07-08,9,40.54,21.82,364.86,196.38,168.48,46.18
1112,Deep Learning Mastery,Michael Chen,Advanced,40,Female,USA,2024-05-12,8,17.55,9.66,140.4,77.28,63.12,44.96
1113,Python for AI,Michael Chen,Business,50,Female,Germany,2024-12-22,6,45.59,28.4,273.54,170.4,103.14,37.71
1114,AI Basics,Emma Brown,Advanced,29,Male,India,2024-01-05,1,23.3,12.66,23.3,12.66,10.64,45.67
1115,Neural Networks Explained,Sophia Davis,Business,58,Male,UK,2024-02-13,3,58.55,36.6,175.65,109.8,65.85,37.49
1116,Machine Learning Guide,Michael Chen,Technical,24,Male,Germany,2024-03-20,10,37.46,16.08,374.6,160.8,213.8,57.07
1117,AI Automation,Sophia Davis,Beginner,31,Male,Canada,2024-09-25,1,34.39,20.62,34.39,20.62,13.77,40.04
1118,AI Automation,Michael Chen,Technical,40,Male,Australia,2024-04-10,2,24.08,10.64,48.16,21.28,26.88,55.81
1119,AI in Business,John Smith,Technical,68,Female,Canada,2024-02-07,10,29.96,14.81,299.6,148.1,151.5,50.57
1120,AI Basics,Sarah Johnson,Beginner,22,Female,USA,2024-10-25,3,35.05,18.81,105.15,56.43,48.72,46.33
1121,Natural Language Processing,Emma Brown,Advanced,67,Female,Canada,2024-04-28,10,30.12,19.78,301.2,197.8,103.4,34.33
1122,Natural Language Processing,Sophia Davis,Business,57,Female,UK,2024-02-03,10,45.14,24.15,451.4,241.5,209.9,46.5
1123,Python for AI,Emma Brown,Technical,43,Female,UK,2024-12-03,5,43.1,18.41,215.5,92.05,123.45,57.29
1124,AI in Business,David Lee,Business,21,Female,UK,2024-12-04,10,40.13,16.54,401.3,165.4,235.9,58.78
1125,Natural Language Processing,John Smith,Beginner,31,Male,UK,2024-07-13,3,39.84,16.67,119.52,50.01,69.51,58.16
1126,AI in Business,Sophia Davis,Advanced,24,Male,Australia,2024-07-27,2,41.21,20.0,82.42,40.0,42.42,51.47
1127,Computer Vision Essentials,Emma Brown,Technical,26,Female,USA,2024-07-04,4,30.37,20.02,121.48,80.08,41.4,34.08
1128,Neural Networks Explained,John Smith,Technical,27,Male,USA,2024-12-14,4,59.92,35.09,239.68,140.36,99.32,41.44
1129,AI Basics,Emma Brown,Business,31,Male,India,2024-12-30,4,54.06,30.27,216.24,121.08,95.16,44.01
1130,Natural Language Processing,Sarah Johnson,Advanced,43,Male,Australia,2024-05-20,4,25.96,13.69,103.84,54.76,49.08,47.27
1131,AI Automation,Sarah Johnson,Technical,43,Female,UK,2024-07-29,8,36.59,16.02,292.72,128.16,164.56,56.22
1132,AI in Business,Sophia Davis,Technical,69,Female,UK,2024-11-15,8,15.24,7.55,121.92,60.4,61.52,50.46
1133,AI Ethics Handbook,John Smith,Technical,35,Male,Germany,2024-03-23,2,30.03,17.05,60.06,34.1,25.96,43.22
1134,Machine Learning Guide,Emma Brown,Advanced,39,Female,UK,2024-10-13,5,23.15,13.2,115.75,66.0,49.75,42.98
1135,Machine Learning Guide,Emma Brown,Business,53,Male,Germany,2024-12-31,7,35.16,23.7,246.12,165.9,80.22,32.59
1136,Computer Vision Essentials,Emma Brown,Advanced,64,Female,Germany,2024-01-23,9,23.59,10.85,212.31,97.65,114.66,54.01
1137,Computer Vision Essentials,Sarah Johnson,Advanced,47,Male,Canada,2024-02-06,3,50.42,34.09,151.26,102.27,48.99,32.39
1138,Python for AI,Sarah Johnson,Beginner,45,Male,Australia,2024-11-13,1,56.92,35.99,56.92,35.99,20.93,36.77
1139,Natural Language Processing,Emma Brown,Advanced,65,Female,Germany,2024-02-13,9,52.62,22.49,473.58,202.41,271.17,57.26
1140,AI Ethics Handbook,Sophia Davis,Advanced,23,Male,USA,2024-07-21,4,15.63,8.55,62.52,34.2,28.32,45.3
1141,Python for AI,Sarah Johnson,Business,40,Male,Canada,2024-03-10,5,19.43,8.31,97.15,41.55,55.6,57.23
1142,Machine Learning Guide,John Smith,Advanced,44,Male,Australia,2024-09-05,10,20.02,12.93,200.2,129.3,70.9,35.41
1143,Machine Learning Guide,Michael Chen,Advanced,37,Male,Germany,2024-03-01,7,40.75,17.74,285.25,124.18,161.07,56.47
1144,AI Basics,Michael Chen,Beginner,56,Female,Canada,2024-08-19,9,51.56,32.31,464.04,290.79,173.25,37.34
1145,Natural Language Processing,Emma Brown,Advanced,29,Female,UK,2024-05-27,8,36.05,18.42,288.4,147.36,141.04,48.9
1146,AI Basics,David Lee,Business,27,Female,India,2024-05-04,5,55.33,38.06,276.65,190.3,86.35,31.21
1147,AI Automation,Emma Brown,Technical,34,Female,Australia,2024-12-31,10,50.22,23.67,502.2,236.7,265.5,52.87
1148,AI Basics,Sarah Johnson,Beginner,70,Female,Canada,2024-09-11,6,48.52,21.41,291.12,128.46,162.66,55.87
1149,Neural Networks Explained,Sarah Johnson,Advanced,52,Female,UK,2024-10-20,2,33.65,20.77,67.3,41.54,25.76,38.28
1150,Python for AI,Emma Brown,Advanced,70,Male,Australia,2024-08-04,10,38.41,26.02,384.1,260.2,123.9,32.26
1151,Deep Learning Mastery,David Lee,Technical,64,Male,UK,2024-01-22,7,27.19,16.14,190.33,112.98,77.35,40.64
1152,AI Automation,John Smith,Advanced,57,Male,Germany,2024-07-06,10,49.02,30.15,490.2,301.5,188.7,38.49
1153,AI in Business,Michael Chen,Advanced,47,Female,Canada,2024-06-06,8,46.78,29.09,374.24,232.72,141.52,37.82
1154,Deep Learning Mastery,Michael Chen,Business,23,Male,Germany,2024-03-31,7,51.93,32.35,363.51,226.45,137.06,37.7
1155,AI Basics,John Smith,Technical,27,Female,Australia,2024-11-03,7,16.42,11.48,114.94,80.36,34.58,30.09
1156,Natural Language Processing,John Smith,Technical,39,Female,Australia,2024-09-22,1,43.72,28.03,43.72,28.03,15.69,35.89
1157,Python for AI,Sophia Davis,Advanced,33,Male,Canada,2024-12-06,9,33.28,22.95,299.52,206.55,92.97,31.04
1158,Neural Networks Explained,Sarah Johnson,Advanced,22,Male,UK,2024-02-29,5,23.69,9.92,118.45,49.6,68.85,58.13
1159,Natural Language Processing,Michael Chen,Technical,38,Male,India,2024-10-19,5,33.25,20.72,166.25,103.6,62.65,37.68
1160,Natural Language Processing,John Smith,Advanced,18,Male,Germany,2024-01-13,9,15.02,10.47,135.18,94.23,40.95,30.29
1161,Natural Language Processing,Sophia Davis,Business,20,Male,Australia,2024-01-28,2,30.42,16.88,60.84,33.76,27.08,44.51
1162,Computer Vision Essentials,Sophia Davis,Technical,46,Female,UK,2024-03-02,6,47.72,23.86,286.32,143.16,143.16,50.0
1163,AI in Business,Emma Brown,Advanced,31,Male,USA,2024-01-07,1,17.07,10.0,17.07,10.0,7.07,41.42
1164,Natural Language Processing,Emma Brown,Beginner,48,Female,Australia,2024-11-20,3,50.6,34.21,151.8,102.63,49.17,32.39
1165,AI Basics,John Smith,Advanced,43,Male,India,2024-06-19,10,26.72,11.52,267.2,115.2,152.0,56.89
1166,AI in Business,Sarah Johnson,Business,43,Male,Australia,2024-04-27,7,20.89,13.41,146.23,93.87,52.36,35.81
1167,AI Basics,Sophia Davis,Business,55,Female,UK,2024-03-17,1,31.61,14.77,31.61,14.77,16.84,53.27
1168,AI Automation,Michael Chen,Business,41,Female,India,2024-11-16,8,22.88,13.69,183.04,109.52,73.52,40.17
1169,Natural Language Processing,Sophia Davis,Technical,63,Male,India,2024-12-23,4,43.03,17.79,172.12,71.16,100.96,58.66
1170,Deep Learning Mastery,John Smith,Advanced,61,Female,Germany,2024-06-18,2,32.87,15.13,65.74,30.26,35.48,53.97
1171,Neural Networks Explained,Michael Chen,Advanced,33,Male,India,2024-04-03,8,20.96,8.98,167.68,71.84,95.84,57.16
1172,AI Automation,David Lee,Beginner,18,Male,USA,2024-12-13,8,57.91,38.79,463.28,310.32,152.96,33.02
1173,Natural Language Processing,John Smith,Technical,42,Male,Germany,2024-05-29,7,36.64,23.18,256.48,162.26,94.22,36.74
1174,Natural Language Processing,John Smith,Business,48,Male,Canada,2024-01-11,3,21.49,12.38,64.47,37.14,27.33,42.39
1175,Computer Vision Essentials,John Smith,Beginner,20,Male,UK,2024-10-10,5,32.27,22.52,161.35,112.6,48.75,30.21
1176,Neural Networks Explained,Emma Brown,Technical,27,Male,Canada,2024-01-21,6,48.64,21.13,291.84,126.78,165.06,56.56
1177,Natural Language Processing,David Lee,Business,44,Male,India,2024-01-09,4,26.85,18.78,107.4,75.12,32.28,30.06
1178,AI Ethics Handbook,Michael Chen,Advanced,36,Male,Canada,2024-10-26,7,18.38,9.67,128.66,67.69,60.97,47.39
1179,Computer Vision Essentials,Sarah Johnson,Business,39,Female,Canada,2024-01-12,1,59.71,24.36,59.71,24.36,35.35,59.2
1180,Machine Learning Guide,Michael Chen,Beginner,53,Male,Canada,2024-11-01,2,15.89,8.57,31.78,17.14,14.64,46.07
1181,AI in Business,Emma Brown,Technical,34,Female,USA,2024-07-03,7,39.19,27.03,274.33,189.21,85.12,31.03
1182,Deep Learning Mastery,Emma Brown,Technical,18,Male,Australia,2024-02-02,3,45.4,20.67,136.2,62.01,74.19,54.47
1183,Python for AI,Emma Brown,Business,23,Female,India,2024-11-07,4,18.09,9.17,72.36,36.68,35.68,49.31
1184,AI Ethics Handbook,Michael Chen,Beginner,34,Female,UK,2024-05-07,4,26.38,14.28,105.52,57.12,48.4,45.87
1185,Natural Language Processing,John Smith,Business,70,Male,USA,2024-12-20,6,37.33,19.35,223.98,116.1,107.88,48.17
1186,Natural Language Processing,Emma Brown,Beginner,69,Female,India,2024-03-04,2,59.11,29.8,118.22,59.6,58.62,49.59
1187,AI in Business,David Lee,Technical,70,Male,Germany,2024-04-17,1,17.84,7.41,17.84,7.41,10.43,58.46
1188,AI Basics,Emma Brown,Advanced,48,Female,Germany,2024-03-30,5,35.89,22.08,179.45,110.4,69.05,38.48
1189,AI Ethics Handbook,Sophia Davis,Business,68,Female,USA,2024-10-01,6,56.62,27.73,339.72,166.38,173.34,51.02
1190,AI Automation,David Lee,Advanced,55,Female,India,2024-12-14,6,23.35,9.51,140.1,57.06,83.04,59.27
1191,Deep Learning Mastery,Emma Brown,Advanced,40,Female,Germany,2024-03-15,7,16.5,8.89,115.5,62.23,53.27,46.12
1192,Neural Networks Explained,Sophia Davis,Beginner,55,Female,UK,2024-11-07,10,16.16,7.96,161.6,79.6,82.0,50.74
1193,AI Basics,John Smith,Beginner,52,Male,Australia,2024-12-29,7,53.9,22.13,377.3,154.91,222.39,58.94
1194,Natural Language Processing,Sophia Davis,Business,31,Female,Germany,2024-01-09,9,20.75,9.41,186.75,84.69,102.06,54.65
1195,Natural Language Processing,David Lee,Business,51,Female,Germany,2024-11-18,4,48.96,29.96,195.84,119.84,76.0,38.81
1196,AI Automation,Michael Chen,Technical,45,Male,India,2024-02-17,2,45.27,29.8,90.54,59.6,30.94,34.17
1197,Machine Learning Guide,David Lee,Business,24,Male,UK,2024-09-19,10,22.16,10.37,221.6,103.7,117.9,53.2
1198,AI Basics,Sarah Johnson,Advanced,24,Male,India,2024-02-09,2,16.72,7.13,33.44,14.26,19.18,57.36
1199,Computer Vision Essentials,Sophia Davis,Beginner,68,Female,Canada,2024-09-03,1,31.4,20.59,31.4,20.59,10.81,34.43
1200,AI Ethics Handbook,David Lee,Technical,44,Female,Canada,2024-08-29,5,48.28,20.29,241.4,101.45,139.95,57.97
1201,Neural Networks Explained,Emma Brown,Advanced,67,Female,USA,2024-02-15,2,31.84,18.12,63.68,36.24,27.44,43.09
1202,Python for AI,Sarah Johnson,Beginner,45,Male,India,2024-09-30,4,58.33,31.22,233.32,124.88,108.44,46.48
1203,Neural Networks Explained,David Lee,Technical,20,Female,Australia,2024-03-23,7,19.16,12.35,134.12,86.45,47.67,35.54
1204,Machine Learning Guide,Michael Chen,Business,23,Female,Germany,2024-01-18,4,43.0,20.72,172.0,82.88,89.12,51.81
1205,AI Automation,David Lee,Advanced,25,Female,Germany,2024-09-04,9,58.52,24.39,526.68,219.51,307.17,58.32
1206,Neural Networks Explained,Michael Chen,Beginner,58,Female,UK,2024-10-02,1,49.3,22.84,49.3,22.84,26.46,53.67
1207,Natural Language Processing,Michael Chen,Technical,48,Female,USA,2024-01-19,1,40.15,21.62,40.15,21.62,18.53,46.15
1208,Deep Learning Mastery,Sophia Davis,Beginner,37,Male,USA,2024-03-11,6,18.96,11.1,113.76,66.6,47.16,41.46
1209,Computer Vision Essentials,Michael Chen,Beginner,54,Male,Germany,2024-11-28,5,55.4,25.53,277.0,127.65,149.35,53.92
1210,AI Automation,John Smith,Technical,38,Female,UK,2024-03-30,10,31.91,15.44,319.1,154.4,164.7,51.61
1211,Computer Vision Essentials,John Smith,Technical,40,Male,Australia,2024-12-05,2,55.13,25.08,110.26,50.16,60.1,54.51
1212,Machine Learning Guide,Emma Brown,Business,26,Male,Australia,2024-08-26,9,39.7,25.67,357.3,231.03,126.27,35.34
1213,Deep Learning Mastery,John Smith,Technical,68,Female,USA,2024-10-13,9,22.2,10.1,199.8,90.9,108.9,54.5
1214,AI in Business,Michael Chen,Business,61,Female,Germany,2024-03-12,8,45.01,28.18,360.08,225.44,134.64,37.39
1215,Computer Vision Essentials,David Lee,Beginner,55,Female,India,2024-06-06,6,21.83,11.01,130.98,66.06,64.92,49.56
1216,Python for AI,John Smith,Technical,18,Male,India,2024-08-25,6,28.74,14.47,172.44,86.82,85.62,49.65
1217,Neural Networks Explained,Sarah Johnson,Technical,37,Male,Canada,2024-04-24,6,17.07,10.62,102.42,63.72,38.7,37.79
1218,AI in Business,David Lee,Advanced,22,Female,USA,2024-03-30,4,26.11,12.39,104.44,49.56,54.88,52.55
1219,Computer Vision Essentials,Sophia Davis,Beginner,53,Female,India,2024-04-17,10,28.52,18.59,285.2,185.9,99.3,34.82
1220,AI in Business,John Smith,Business,27,Male,UK,2024-04-05,4,45.25,25.04,181.0,100.16,80.84,44.66
1221,Python for AI,Emma Brown,Business,31,Male,Germany,2024-12-02,8,26.87,17.01,214.96,136.08,78.88,36.7
1222,Natural Language Processing,Sarah Johnson,Advanced,38,Female,UK,2024-02-16,8,52.1,24.46,416.8,195.68,221.12,53.05
1223,Computer Vision Essentials,Sarah Johnson,Beginner,23,Male,India,2024-08-21,5,22.15,13.69,110.75,68.45,42.3,38.19
1224,AI Automation,John Smith,Business,45,Male,Germany,2024-01-07,2,36.19,17.89,72.38,35.78,36.6,50.57
1225,AI in Business,John Smith,Beginner,25,Female,USA,2024-08-27,4,45.12,24.0,180.48,96.0,84.48,46.81
1226,Natural Language Processing,David Lee,Business,43,Female,Germany,2024-06-05,2,46.51,27.38,93.02,54.76,38.26,41.13
1227,Python for AI,Emma Brown,Business,43,Female,India,2024-01-18,1,25.8,12.31,25.8,12.31,13.49,52.29
1228,Python for AI,John Smith,Advanced,62,Male,India,2024-11-09,5,20.6,11.07,103.0,55.35,47.65,46.26
1229,Computer Vision Essentials,Michael Chen,Beginner,55,Male,UK,2024-12-06,4,46.06,28.96,184.24,115.84,68.4,37.13
1230,Machine Learning Guide,Sarah Johnson,Advanced,27,Male,Australia,2024-09-20,9,24.35,14.97,219.15,134.73,84.42,38.52
1231,AI Ethics Handbook,David Lee,Technical,50,Male,India,2024-02-29,2,30.14,17.21,60.28,34.42,25.86,42.9
1232,Deep Learning Mastery,John Smith,Beginner,62,Male,India,2024-12-25,6,44.04,23.42,264.24,140.52,123.72,46.82
1233,AI Automation,Michael Chen,Business,24,Male,Germany,2024-09-28,4,59.52,28.19,238.08,112.76,125.32,52.64
1234,AI Basics,Michael Chen,Technical,48,Male,UK,2024-09-26,4,49.76,22.39,199.04,89.56,109.48,55.0
1235,Deep Learning Mastery,Sarah Johnson,Business,65,Female,Canada,2024-05-13,2,31.54,15.68,63.08,31.36,31.72,50.29
1236,AI Basics,Sophia Davis,Technical,63,Male,USA,2024-12-09,3,50.38,31.82,151.14,95.46,55.68,36.84
1237,Computer Vision Essentials,Emma Brown,Advanced,68,Female,Canada,2024-10-18,9,56.33,34.54,506.97,310.86,196.11,38.68
1238,Deep Learning Mastery,John Smith,Beginner,55,Male,Canada,2024-03-18,9,49.5,20.66,445.5,185.94,259.56,58.26
1239,Neural Networks Explained,Sarah Johnson,Advanced,54,Male,Germany,2024-09-28,5,52.01,36.25,260.05,181.25,78.8,30.3
1240,Deep Learning Mastery,Sarah Johnson,Technical,37,Male,Canada,2024-12-01,9,53.74,27.87,483.66,250.83,232.83,48.14
1241,Python for AI,David Lee,Business,66,Male,UK,2024-07-15,4,20.81,13.58,83.24,54.32,28.92,34.74
1242,Neural Networks Explained,Sarah Johnson,Business,42,Female,Australia,2024-02-09,9,26.71,18.42,240.39,165.78,74.61,31.04
1243,Python for AI,Emma Brown,Advanced,49,Female,Germany,2024-12-18,2,38.19,21.82,76.38,43.64,32.74,42.86
1244,Machine Learning Guide,Sarah Johnson,Advanced,25,Male,USA,2024-08-29,10,18.32,9.07,183.2,90.7,92.5,50.49
1245,AI Automation,Emma Brown,Business,23,Female,India,2024-10-06,5,22.46,10.47,112.3,52.35,59.95,53.38
1246,Neural Networks Explained,John Smith,Advanced,50,Male,India,2024-12-26,3,46.65,30.38,139.95,91.14,48.81,34.88
1247,Natural Language Processing,Emma Brown,Technical,34,Male,Germany,2024-03-14,1,34.04,23.59,34.04,23.59,10.45,30.7
1248,Deep Learning Mastery,Sarah Johnson,Advanced,65,Male,Australia,2024-12-19,1,16.75,6.92,16.75,6.92,9.83,58.69
1249,AI in Business,Michael Chen,Beginner,23,Female,UK,2024-02-01,4,33.28,15.01,133.12,60.04,73.08,54.9
1250,Neural Networks Explained,John Smith,Business,49,Male,UK,2024-06-14,6,47.68,19.36,286.08,116.16,169.92,59.4
1251,Computer Vision Essentials,David Lee,Technical,30,Female,Canada,2024-03-11,5,26.84,18.79,134.2,93.95,40.25,29.99
1252,AI Basics,David Lee,Advanced,21,Male,Canada,2024-06-21,3,57.07,26.77,171.21,80.31,90.9,53.09
1253,AI Ethics Handbook,John Smith,Business,58,Male,Australia,2024-10-30,7,46.36,21.76,324.52,152.32,172.2,53.06
1254,Python for AI,Michael Chen,Beginner,33,Female,USA,2024-06-15,6,42.5,19.38,255.0,116.28,138.72,54.4
1255,Computer Vision Essentials,John Smith,Advanced,57,Female,UK,2024-08-18,7,37.4,17.79,261.8,124.53,137.27,52.43
1256,Machine Learning Guide,Emma Brown,Advanced,51,Female,Germany,2024-11-21,10,22.72,11.77,227.2,117.7,109.5,48.2
1257,AI Ethics Handbook,Emma Brown,Business,54,Male,Australia,2024-02-18,3,22.13,9.85,66.39,29.55,36.84,55.49
1258,Computer Vision Essentials,Emma Brown,Beginner,37,Male,Canada,2024-05-18,1,34.42,22.19,34.42,22.19,12.23,35.53
1259,Python for AI,Michael Chen,Advanced,52,Male,Canada,2024-02-09,9,47.72,27.78,429.48,250.02,179.46,41.79
1260,AI Automation,Emma Brown,Business,22,Male,Canada,2024-03-03,4,49.47,27.83,197.88,111.32,86.56,43.74
1261,AI in Business,David Lee,Technical,45,Male,Australia,2024-07-14,10,31.05,17.83,310.5,178.3,132.2,42.58
1262,Machine Learning Guide,Emma Brown,Technical,27,Female,USA,2024-01-08,8,30.47,21.24,243.76,169.92,73.84,30.29
1263,Machine Learning Guide,Sophia Davis,Business,43,Female,Australia,2024-02-01,2,56.44,29.67,112.88,59.34,53.54,47.43
1264,AI Automation,David Lee,Advanced,43,Female,USA,2024-03-17,10,24.02,10.61,240.2,106.1,134.1,55.83
1265,Neural Networks Explained,David Lee,Beginner,63,Male,USA,2024-11-25,9,21.45,9.32,193.05,83.88,109.17,56.55
1266,AI in Business,Michael Chen,Advanced,26,Female,USA,2024-02-23,6,34.71,19.85,208.26,119.1,89.16,42.81
1267,Deep Learning Mastery,Sarah Johnson,Beginner,26,Female,India,2024-07-01,10,27.89,13.82,278.9,138.2,140.7,50.45
1268,Deep Learning Mastery,Emma Brown,Business,46,Female,Canada,2024-09-06,7,28.52,19.67,199.64,137.69,61.95,31.03
1269,AI Automation,Sarah Johnson,Business,22,Female,Germany,2024-04-08,10,30.23,14.2,302.3,142.0,160.3,53.03
1270,AI in Business,David Lee,Advanced,53,Female,India,2024-11-26,8,20.68,10.11,165.44,80.88,84.56,51.11
1271,Natural Language Processing,Michael Chen,Advanced,48,Female,Germany,2024-11-13,6,45.68,23.86,274.08,143.16,130.92,47.77
1272,AI Automation,Sophia Davis,Technical,35,Male,UK,2024-01-16,5,28.33,19.2,141.65,96.0,45.65,32.23
1273,Deep Learning Mastery,Sophia Davis,Advanced,56,Female,Australia,2024-10-04,8,16.16,7.58,129.28,60.64,68.64,53.09
1274,Natural Language Processing,Emma Brown,Advanced,49,Male,UK,2024-04-16,9,34.3,16.01,308.7,144.09,164.61,53.32
1275,AI Basics,Sophia Davis,Business,62,Female,Canada,2024-11-30,8,15.72,7.35,125.76,58.8,66.96,53.24
1276,Python for AI,Emma Brown,Beginner,52,Male,Australia,2024-02-25,8,45.92,21.32,367.36,170.56,196.8,53.57
1277,AI Automation,Michael Chen,Beginner,27,Female,Germany,2024-04-13,4,54.51,31.97,218.04,127.88,90.16,41.35
1278,Deep Learning Mastery,Sarah Johnson,Business,42,Male,Germany,2024-04-01,9,19.89,10.69,179.01,96.21,82.8,46.25
1279,AI in Business,Emma Brown,Advanced,29,Female,India,2024-07-25,5,53.01,25.2,265.05,126.0,139.05,52.46
1280,Python for AI,Sophia Davis,Beginner,20,Male,Australia,2024-02-27,3,51.52,21.52,154.56,64.56,90.0,58.23
1281,Computer Vision Essentials,Michael Chen,Business,51,Male,Canada,2024-10-22,8,32.09,16.9,256.72,135.2,121.52,47.34
1282,Deep Learning Mastery,David Lee,Beginner,59,Male,Germany,2024-01-03,10,15.32,7.2,153.2,72.0,81.2,53.0
1283,Python for AI,David Lee,Technical,60,Male,Canada,2024-02-04,9,17.81,7.24,160.29,65.16,95.13,59.35
1284,AI in Business,Emma Brown,Beginner,33,Male,Australia,2024-09-18,4,55.8,29.62,223.2,118.48,104.72,46.92
1285,AI Automation,Sarah Johnson,Advanced,45,Female,USA,2024-02-04,10,35.15,17.28,351.5,172.8,178.7,50.84
1286,AI Basics,Emma Brown,Advanced,47,Female,Germany,2024-12-07,4,36.17,21.32,144.68,85.28,59.4,41.06
1287,Python for AI,John Smith,Business,68,Female,UK,2024-12-19,1,17.54,11.23,17.54,11.23,6.31,35.97
1288,AI Basics,Michael Chen,Technical,53,Male,Germany,2024-01-22,3,38.11,18.93,114.33,56.79,57.54,50.33
1289,Natural Language Processing,Emma Brown,Business,68,Female,USA,2024-03-02,6,29.67,16.83,178.02,100.98,77.04,43.28
1290,Machine Learning Guide,Emma Brown,Technical,53,Male,Germany,2024-07-13,2,24.66,11.76,49.32,23.52,25.8,52.31
1291,Deep Learning Mastery,Sarah Johnson,Technical,45,Female,Germany,2024-11-27,4,52.7,28.02,210.8,112.08,98.72,46.83
1292,AI in Business,David Lee,Business,64,Male,India,2024-08-24,9,30.17,13.8,271.53,124.2,147.33,54.26
1293,AI Automation,Emma Brown,Technical,46,Male,Germany,2024-10-10,2,35.08,19.96,70.16,39.92,30.24,43.1
1294,Natural Language Processing,Michael Chen,Technical,22,Male,India,2024-01-20,5,54.0,36.92,270.0,184.6,85.4,31.63
1295,AI in Business,Sarah Johnson,Technical,54,Male,Germany,2024-08-14,6,16.16,6.78,96.96,40.68,56.28,58.04
1296,AI Automation,David Lee,Advanced,23,Female,USA,2024-10-07,1,48.75,21.08,48.75,21.08,27.67,56.76
1297,AI Ethics Handbook,John Smith,Business,38,Female,Canada,2024-03-22,4,35.06,18.71,140.24,74.84,65.4,46.63
1298,Neural Networks Explained,Sophia Davis,Business,56,Male,India,2024-07-27,3,26.5,16.36,79.5,49.08,30.42,38.26
1299,Deep Learning Mastery,Sarah Johnson,Business,45,Female,UK,2024-06-29,6,38.87,25.46,233.22,152.76,80.46,34.5
1300,Natural Language Processing,David Lee,Beginner,40,Female,India,2024-09-26,8,46.05,27.95,368.4,223.6,144.8,39.31
1301,Natural Language Processing,Emma Brown,Advanced,70,Female,Germany,2024-04-03,8,31.74,17.81,253.92,142.48,111.44,43.89
1302,Machine Learning Guide,Sophia Davis,Business,68,Male,USA,2024-06-01,1,20.37,9.44,20.37,9.44,10.93,53.66
1303,Machine Learning Guide,Sophia Davis,Advanced,29,Male,India,2024-05-10,9,31.64,12.71,284.76,114.39,170.37,59.83
1304,Computer Vision Essentials,Sarah Johnson,Advanced,45,Male,Australia,2024-03-30,5,26.82,13.34,134.1,66.7,67.4,50.26
1305,AI Basics,Sophia Davis,Advanced,36,Male,Australia,2024-02-11,8,24.2,10.21,193.6,81.68,111.92,57.81
1306,Python for AI,Sophia Davis,Advanced,50,Female,Germany,2024-10-22,5,43.16,18.05,215.8,90.25,125.55,58.18
1307,AI Basics,David Lee,Business,57,Male,Germany,2024-04-02,8,22.42,14.85,179.36,118.8,60.56,33.76
1308,Python for AI,John Smith,Technical,41,Female,USA,2024-08-31,8,42.0,25.88,336.0,207.04,128.96,38.38
1309,AI in Business,Emma Brown,Business,44,Male,India,2024-05-02,10,30.69,20.19,306.9,201.9,105.0,34.21
1310,Deep Learning Mastery,John Smith,Business,66,Female,Australia,2024-02-10,1,16.47,8.71,16.47,8.71,7.76,47.12
1311,Computer Vision Essentials,John Smith,Beginner,59,Female,Germany,2024-01-31,7,50.01,24.39,350.07,170.73,179.34,51.23
1312,Computer Vision Essentials,John Smith,Advanced,19,Male,Germany,2024-11-08,3,56.98,39.67,170.94,119.01,51.93,30.38
1313,Python for AI,John Smith,Beginner,63,Female,Germany,2024-03-03,3,47.27,22.57,141.81,67.71,74.1,52.25
1314,Computer Vision Essentials,Sarah Johnson,Beginner,19,Female,USA,2024-05-03,10,59.35,41.2,593.5,412.0,181.5,30.58
1315,AI Automation,David Lee,Beginner,35,Female,Germany,2024-06-22,3,16.08,6.54,48.24,19.62,28.62,59.33
1316,AI Ethics Handbook,Sarah Johnson,Beginner,46,Male,Germany,2024-09-07,4,42.49,29.03,169.96,116.12,53.84,31.68
1317,AI Ethics Handbook,David Lee,Beginner,39,Female,India,2024-03-06,7,30.76,14.5,215.32,101.5,113.82,52.86
1318,Computer Vision Essentials,Sarah Johnson,Advanced,22,Female,Germany,2024-08-18,9,31.99,21.1,287.91,189.9,98.01,34.04
1319,AI in Business,David Lee,Technical,22,Female,Canada,2024-03-25,4,49.22,32.26,196.88,129.04,67.84,34.46
1320,Computer Vision Essentials,Emma Brown,Beginner,36,Male,Canada,2024-08-04,5,24.14,9.91,120.7,49.55,71.15,58.95
1321,AI Ethics Handbook,Michael Chen,Technical,28,Female,Germany,2024-10-08,5,49.43,24.32,247.15,121.6,125.55,50.8
1322,AI Automation,Sarah Johnson,Beginner,37,Female,Australia,2024-02-29,1,47.69,27.7,47.69,27.7,19.99,41.92
1323,Python for AI,John Smith,Technical,62,Male,UK,2024-02-12,10,38.95,25.47,389.5,254.7,134.8,34.61
1324,Python for AI,Michael Chen,Business,33,Male,Australia,2024-12-27,9,40.47,22.02,364.23,198.18,166.05,45.59
1325,Natural Language Processing,Sarah Johnson,Beginner,20,Female,Australia,2024-07-12,1,58.92,37.96,58.92,37.96,20.96,35.57
1326,AI Automation,Sophia Davis,Technical,20,Male,USA,2024-01-28,6,39.6,24.19,237.6,145.14,92.46,38.91
1327,Python for AI,Sarah Johnson,Advanced,35,Female,India,2024-02-29,9,43.3,25.76,389.7,231.84,157.86,40.51
1328,Deep Learning Mastery,Michael Chen,Beginner,46,Male,Australia,2024-08-30,9,42.01,18.57,378.09,167.13,210.96,55.8
1329,Machine Learning Guide,John Smith,Technical,36,Male,Germany,2024-02-18,3,37.65,22.04,112.95,66.12,46.83,41.46
1330,Neural Networks Explained,Sophia Davis,Technical,28,Male,India,2024-11-18,9,42.98,21.64,386.82,194.76,192.06,49.65
1331,Machine Learning Guide,Sophia Davis,Beginner,29,Female,USA,2024-05-24,4,15.54,7.01,62.16,28.04,34.12,54.89
1332,Deep Learning Mastery,Sophia Davis,Business,52,Male,USA,2024-12-08,7,29.31,18.47,205.17,129.29,75.88,36.98
1333,Natural Language Processing,Sarah Johnson,Advanced,36,Male,USA,2024-12-30,1,17.93,11.14,17.93,11.14,6.79,37.87
1334,AI Ethics Handbook,Sophia Davis,Advanced,18,Male,Germany,2024-10-13,3,40.15,21.26,120.45,63.78,56.67,47.05
1335,Machine Learning Guide,John Smith,Beginner,18,Male,India,2024-07-04,3,43.11,27.04,129.33,81.12,48.21,37.28
1336,Deep Learning Mastery,Sophia Davis,Technical,38,Male,Germany,2024-03-08,9,26.46,13.11,238.14,117.99,120.15,50.45
1337,Deep Learning Mastery,Michael Chen,Beginner,66,Female,Canada,2024-11-28,3,31.99,15.87,95.97,47.61,48.36,50.39
1338,AI Ethics Handbook,Emma Brown,Beginner,19,Female,Germany,2024-09-05,10,33.04,19.03,330.4,190.3,140.1,42.4
1339,Computer Vision Essentials,John Smith,Beginner,57,Male,USA,2024-08-08,1,23.94,16.67,23.94,16.67,7.27,30.37
1340,Deep Learning Mastery,Emma Brown,Advanced,23,Male,Australia,2024-04-27,1,15.84,8.36,15.84,8.36,7.48,47.22
1341,Deep Learning Mastery,John Smith,Beginner,40,Female,Australia,2024-07-07,7,58.82,33.41,411.74,233.87,177.87,43.2
1342,Computer Vision Essentials,Sophia Davis,Beginner,55,Male,Canada,2024-12-05,10,36.06,19.43,360.6,194.3,166.3,46.12
1343,Machine Learning Guide,Sarah Johnson,Technical,44,Female,Germany,2024-10-11,8,30.69,17.76,245.52,142.08,103.44,42.13
1344,Deep Learning Mastery,Emma Brown,Business,54,Male,Canada,2024-04-21,10,28.97,17.24,289.7,172.4,117.3,40.49
1345,AI Ethics Handbook,Emma Brown,Business,31,Female,Germany,2024-02-15,7,33.76,22.26,236.32,155.82,80.5,34.06
1346,Computer Vision Essentials,Sophia Davis,Business,58,Male,USA,2024-09-17,9,26.96,12.97,242.64,116.73,125.91,51.89
1347,Deep Learning Mastery,Sophia Davis,Technical,30,Female,USA,2024-06-21,1,23.31,9.98,23.31,9.98,13.33,57.19
1348,AI Basics,Michael Chen,Technical,52,Male,India,2024-06-23,6,23.61,13.46,141.66,80.76,60.9,42.99
1349,Natural Language Processing,Sarah Johnson,Beginner,33,Male,USA,2024-02-16,1,56.43,25.63,56.43,25.63,30.8,54.58
1350,Machine Learning Guide,Michael Chen,Advanced,68,Male,Australia,2024-03-21,1,47.27,20.33,47.27,20.33,26.94,56.99
1351,Python for AI,Sarah Johnson,Business,68,Female,USA,2024-03-27,4,41.2,19.83,164.8,79.32,85.48,51.87
1352,Natural Language Processing,Emma Brown,Business,18,Female,Canada,2024-06-28,8,36.15,21.31,289.2,170.48,118.72,41.05
1353,AI in Business,John Smith,Beginner,39,Male,Canada,2024-12-04,10,21.19,9.51,211.9,95.1,116.8,55.12
1354,Computer Vision Essentials,David Lee,Advanced,48,Female,USA,2024-09-12,6,17.81,12.26,106.86,73.56,33.3,31.16
1355,Neural Networks Explained,Emma Brown,Business,21,Male,India,2024-12-12,1,42.11,23.23,42.11,23.23,18.88,44.83
1356,Natural Language Processing,John Smith,Business,21,Male,UK,2024-01-17,1,26.32,16.71,26.32,16.71,9.61,36.51
1357,AI Automation,John Smith,Business,27,Female,Australia,2024-10-10,4,31.48,13.41,125.92,53.64,72.28,57.4
1358,AI Basics,Sarah Johnson,Advanced,70,Female,India,2024-01-05,5,34.41,14.66,172.05,73.3,98.75,57.4
1359,Computer Vision Essentials,John Smith,Beginner,23,Male,UK,2024-12-18,8,21.22,14.53,169.76,116.24,53.52,31.53
1360,Machine Learning Guide,Michael Chen,Technical,52,Male,India,2024-02-03,2,24.24,16.63,48.48,33.26,15.22,31.39
1361,AI Ethics Handbook,Emma Brown,Business,66,Male,Canada,2024-12-17,7,53.21,26.97,372.47,188.79,183.68,49.31
1362,Computer Vision Essentials,Emma Brown,Business,22,Female,UK,2024-09-15,6,29.72,20.77,178.32,124.62,53.7,30.11
1363,Machine Learning Guide,Sophia Davis,Advanced,53,Male,UK,2024-04-14,4,38.97,26.36,155.88,105.44,50.44,32.36
1364,Python for AI,David Lee,Business,35,Female,Australia,2024-06-30,8,51.48,25.53,411.84,204.24,207.6,50.41
1365,Machine Learning Guide,David Lee,Beginner,19,Female,Canada,2024-06-05,6,21.98,12.66,131.88,75.96,55.92,42.4
1366,AI Basics,Sophia Davis,Advanced,64,Male,Canada,2024-09-19,3,21.15,11.75,63.45,35.25,28.2,44.44
1367,Deep Learning Mastery,Sophia Davis,Beginner,50,Male,Australia,2024-12-06,2,30.78,20.77,61.56,41.54,20.02,32.52
1368,Natural Language Processing,Michael Chen,Technical,55,Female,UK,2024-03-19,8,53.39,22.25,427.12,178.0,249.12,58.33
1369,Python for AI,Sophia Davis,Advanced,26,Female,UK,2024-07-27,5,37.11,16.93,185.55,84.65,100.9,54.38
1370,Natural Language Processing,Sarah Johnson,Business,42,Male,India,2024-02-22,8,34.37,16.75,274.96,134.0,140.96,51.27
1371,Neural Networks Explained,John Smith,Technical,62,Female,Canada,2024-04-14,3,47.66,25.89,142.98,77.67,65.31,45.68
1372,Deep Learning Mastery,Sophia Davis,Business,31,Male,India,2024-06-19,1,51.84,30.07,51.84,30.07,21.77,41.99
1373,Natural Language Processing,Michael Chen,Business,38,Male,Australia,2024-09-28,7,32.45,15.71,227.15,109.97,117.18,51.59
1374,Computer Vision Essentials,Michael Chen,Beginner,43,Female,UK,2024-10-04,2,57.44,30.99,114.88,61.98,52.9,46.05
1375,Natural Language Processing,Emma Brown,Advanced,38,Female,Canada,2024-11-24,3,52.46,28.99,157.38,86.97,70.41,44.74
1376,Natural Language Processing,Sarah Johnson,Beginner,63,Female,Canada,2024-08-12,10,24.28,14.22,242.8,142.2,100.6,41.43
1377,Neural Networks Explained,John Smith,Business,56,Male,Canada,2024-07-04,6,31.7,15.88,190.2,95.28,94.92,49.91
1378,Natural Language Processing,Sarah Johnson,Business,65,Female,Germany,2024-10-06,10,32.4,19.48,324.0,194.8,129.2,39.88
1379,Deep Learning Mastery,Sophia Davis,Business,30,Male,USA,2024-12-18,8,43.59,24.41,348.72,195.28,153.44,44.0
1380,Natural Language Processing,Sarah Johnson,Technical,28,Male,Germany,2024-12-12,7,29.72,20.24,208.04,141.68,66.36,31.9
1381,AI Ethics Handbook,Emma Brown,Beginner,29,Female,India,2024-12-04,8,17.58,12.28,140.64,98.24,42.4,30.15
1382,Deep Learning Mastery,Emma Brown,Technical,18,Female,Germany,2024-09-30,10,56.78,35.13,567.8,351.3,216.5,38.13
1383,AI in Business,David Lee,Beginner,26,Male,Germany,2024-12-08,7,17.27,10.59,120.89,74.13,46.76,38.68
1384,Natural Language Processing,Sarah Johnson,Technical,55,Female,Australia,2024-12-22,5,52.53,32.9,262.65,164.5,98.15,37.37
1385,Computer Vision Essentials,Michael Chen,Advanced,70,Male,UK,2024-05-20,9,28.53,16.75,256.77,150.75,106.02,41.29
1386,AI Ethics Handbook,John Smith,Business,47,Male,Australia,2024-07-29,10,38.34,15.47,383.4,154.7,228.7,59.65
1387,Machine Learning Guide,Emma Brown,Business,33,Male,Germany,2024-09-03,1,34.52,14.55,34.52,14.55,19.97,57.85
1388,Natural Language Processing,John Smith,Business,29,Female,USA,2024-10-16,9,58.41,37.86,525.69,340.74,184.95,35.18
1389,AI in Business,Michael Chen,Beginner,64,Male,Germany,2024-12-19,6,48.02,27.86,288.12,167.16,120.96,41.98
1390,Neural Networks Explained,John Smith,Advanced,63,Male,Australia,2024-12-19,1,52.19,24.36,52.19,24.36,27.83,53.32
1391,AI Ethics Handbook,David Lee,Technical,56,Female,Australia,2024-11-28,3,57.48,38.11,172.44,114.33,58.11,33.7
1392,Deep Learning Mastery,David Lee,Technical,54,Female,USA,2024-03-06,4,38.35,25.36,153.4,101.44,51.96,33.87
1393,AI Basics,Sarah Johnson,Technical,33,Female,India,2024-07-06,4,41.62,24.68,166.48,98.72,67.76,40.7
1394,AI Ethics Handbook,Sarah Johnson,Beginner,54,Male,India,2024-07-10,5,24.02,15.4,120.1,77.0,43.1,35.89
1395,AI Basics,Michael Chen,Business,35,Female,Germany,2024-07-15,3,32.92,14.63,98.76,43.89,54.87,55.56
1396,AI Basics,David Lee,Beginner,19,Female,Canada,2024-03-29,9,35.05,20.54,315.45,184.86,130.59,41.4
1397,AI Ethics Handbook,John Smith,Technical,42,Male,Canada,2024-12-14,10,57.16,33.16,571.6,331.6,240.0,41.99
1398,Neural Networks Explained,David Lee,Beginner,19,Female,India,2024-07-02,9,24.11,10.06,216.99,90.54,126.45,58.27
1399,AI Automation,David Lee,Business,32,Male,Canada,2024-02-27,9,53.51,29.81,481.59,268.29,213.3,44.29
1400,Deep Learning Mastery,Sarah Johnson,Technical,31,Female,Australia,2024-04-27,10,59.22,39.59,592.2,395.9,196.3,33.15
1401,Python for AI,David Lee,Business,38,Female,USA,2024-11-02,2,46.35,20.14,92.7,40.28,52.42,56.55
1402,AI Automation,David Lee,Technical,63,Female,India,2024-08-11,1,20.25,14.07,20.25,14.07,6.18,30.52
1403,Deep Learning Mastery,Sophia Davis,Business,34,Female,UK,2024-06-30,6,55.58,23.04,333.48,138.24,195.24,58.55
1404,AI Automation,David Lee,Technical,55,Male,Germany,2024-05-09,4,48.02,30.18,192.08,120.72,71.36,37.15
1405,Python for AI,Sarah Johnson,Beginner,27,Female,UK,2024-10-20,2,52.45,33.78,104.9,67.56,37.34,35.6
1406,Natural Language Processing,David Lee,Beginner,63,Male,Germany,2024-11-15,1,16.59,9.19,16.59,9.19,7.4,44.61
1407,AI Automation,John Smith,Beginner,60,Female,Canada,2024-05-11,4,51.71,23.12,206.84,92.48,114.36,55.29
1408,Natural Language Processing,Michael Chen,Beginner,33,Female,Australia,2024-04-14,10,54.19,35.68,541.9,356.8,185.1,34.16
1409,Natural Language Processing,David Lee,Beginner,58,Female,Germany,2024-09-05,1,42.33,22.53,42.33,22.53,19.8,46.78
1410,Neural Networks Explained,Sophia Davis,Technical,38,Male,Germany,2024-02-15,10,46.69,19.5,466.9,195.0,271.9,58.24
1411,AI Basics,John Smith,Beginner,68,Female,Canada,2024-02-06,6,57.59,29.35,345.54,176.1,169.44,49.04
1412,Python for AI,Michael Chen,Business,51,Male,USA,2024-03-24,10,28.61,19.73,286.1,197.3,88.8,31.04
1413,Python for AI,David Lee,Advanced,69,Female,Australia,2024-08-09,1,37.64,23.54,37.64,23.54,14.1,37.46
1414,AI in Business,Emma Brown,Advanced,57,Male,India,2024-03-22,7,41.79,28.06,292.53,196.42,96.11,32.85
1415,Natural Language Processing,Sarah Johnson,Beginner,47,Male,UK,2024-04-06,6,50.15,24.94,300.9,149.64,151.26,50.27
1416,AI Automation,John Smith,Beginner,64,Female,India,2024-03-16,4,30.93,12.8,123.72,51.2,72.52,58.62
1417,AI Ethics Handbook,David Lee,Business,45,Female,Canada,2024-08-20,5,58.34,31.88,291.7,159.4,132.3,45.35
1418,AI Ethics Handbook,Michael Chen,Business,34,Female,Canada,2024-02-04,3,25.59,14.81,76.77,44.43,32.34,42.13
1419,Natural Language Processing,Sophia Davis,Business,22,Male,India,2024-12-29,9,25.07,13.71,225.63,123.39,102.24,45.31
1420,Computer Vision Essentials,Sophia Davis,Business,69,Male,Germany,2024-04-18,7,41.32,18.11,289.24,126.77,162.47,56.17
1421,AI in Business,Sarah Johnson,Business,37,Female,Australia,2024-10-14,10,44.31,22.85,443.1,228.5,214.6,48.43
1422,AI Automation,Sophia Davis,Beginner,70,Male,USA,2024-11-19,4,57.33,37.32,229.32,149.28,80.04,34.9
1423,Deep Learning Mastery,Sarah Johnson,Technical,58,Male,Germany,2024-06-08,2,38.46,19.45,76.92,38.9,38.02,49.43
1424,Python for AI,John Smith,Technical,59,Male,India,2024-11-06,5,30.37,12.23,151.85,61.15,90.7,59.73
1425,AI Ethics Handbook,Michael Chen,Technical,63,Female,India,2024-09-26,7,23.68,14.75,165.76,103.25,62.51,37.71
1426,AI Automation,Sophia Davis,Beginner,66,Female,Canada,2024-02-12,9,55.85,27.48,502.65,247.32,255.33,50.8
1427,Natural Language Processing,Sophia Davis,Business,68,Female,India,2024-08-09,8,39.08,22.84,312.64,182.72,129.92,41.56
1428,AI in Business,David Lee,Advanced,21,Female,India,2024-01-07,4,33.54,21.48,134.16,85.92,48.24,35.96
1429,AI Automation,David Lee,Advanced,48,Female,Australia,2024-07-28,1,53.17,31.67,53.17,31.67,21.5,40.44
1430,Python for AI,Sarah Johnson,Beginner,30,Male,Germany,2024-04-19,1,51.0,33.16,51.0,33.16,17.84,34.98
1431,Deep Learning Mastery,John Smith,Business,47,Male,Australia,2024-03-10,10,50.35,28.91,503.5,289.1,214.4,42.58
1432,AI Ethics Handbook,Michael Chen,Business,25,Male,Canada,2024-10-28,4,52.17,35.18,208.68,140.72,67.96,32.57
1433,AI in Business,Michael Chen,Advanced,59,Female,UK,2024-10-28,8,23.77,11.37,190.16,90.96,99.2,52.17
1434,AI Basics,Emma Brown,Beginner,18,Female,Canada,2024-05-04,6,48.97,31.5,293.82,189.0,104.82,35.67
1435,Natural Language Processing,Emma Brown,Advanced,63,Female,India,2024-03-24,3,36.39,15.33,109.17,45.99,63.18,57.87
1436,Natural Language Processing,Emma Brown,Business,45,Female,UK,2024-09-28,7,42.96,29.34,300.72,205.38,95.34,31.7
1437,AI Automation,Emma Brown,Advanced,40,Female,Canada,2024-02-18,6,58.14,39.08,348.84,234.48,114.36,32.78
1438,Python for AI,David Lee,Advanced,35,Female,USA,2024-01-06,9,43.9,23.3,395.1,209.7,185.4,46.92
1439,Computer Vision Essentials,Emma Brown,Technical,30,Female,USA,2024-01-14,2,48.13,29.75,96.26,59.5,36.76,38.19
1440,Python for AI,Sophia Davis,Advanced,53,Male,USA,2024-12-03,3,34.24,13.92,102.72,41.76,60.96,59.35
1441,Machine Learning Guide,Sarah Johnson,Advanced,39,Female,USA,2024-03-19,2,28.02,16.32,56.04,32.64,23.4,41.76
1442,Deep Learning Mastery,Emma Brown,Technical,30,Female,India,2024-05-04,8,29.32,12.4,234.56,99.2,135.36,57.71
1443,AI in Business,Sophia Davis,Beginner,68,Male,Germany,2024-12-16,8,39.69,26.21,317.52,209.68,107.84,33.96
1444,AI Basics,Michael Chen,Business,35,Female,Australia,2024-02-06,2,56.86,35.52,113.72,71.04,42.68,37.53
1445,Computer Vision Essentials,David Lee,Advanced,49,Female,Germany,2024-04-24,1,36.78,23.45,36.78,23.45,13.33,36.24
1446,AI Ethics Handbook,Sarah Johnson,Beginner,49,Female,USA,2024-12-05,2,19.75,9.9,39.5,19.8,19.7,49.87
1447,Natural Language Processing,Emma Brown,Business,43,Female,India,2024-10-07,5,21.96,12.63,109.8,63.15,46.65,42.49
1448,Natural Language Processing,John Smith,Beginner,60,Female,Canada,2024-06-23,2,51.48,22.6,102.96,45.2,57.76,56.1
1449,AI in Business,David Lee,Advanced,35,Female,India,2024-12-03,6,48.11,29.32,288.66,175.92,112.74,39.06
1450,AI Ethics Handbook,David Lee,Advanced,31,Female,UK,2024-10-03,6,18.32,10.4,109.92,62.4,47.52,43.23
1451,Machine Learning Guide,John Smith,Advanced,53,Female,UK,2024-04-20,1,44.88,20.86,44.88,20.86,24.02,53.52
1452,AI Basics,John Smith,Technical,42,Male,USA,2024-04-10,3,51.13,34.95,153.39,104.85,48.54,31.64
1453,Python for AI,Sarah Johnson,Advanced,68,Male,India,2024-02-18,7,51.47,25.44,360.29,178.08,182.21,50.57
1454,AI Automation,Sophia Davis,Technical,42,Female,India,2024-05-23,5,25.74,14.89,128.7,74.45,54.25,42.15
1455,AI Automation,Sophia Davis,Technical,23,Male,Germany,2024-09-20,5,22.27,14.81,111.35,74.05,37.3,33.5
1456,AI in Business,David Lee,Advanced,64,Female,USA,2024-06-27,5,41.62,28.81,208.1,144.05,64.05,30.78
1457,AI in Business,John Smith,Advanced,19,Female,Canada,2024-04-08,7,21.71,12.15,151.97,85.05,66.92,44.04
1458,Computer Vision Essentials,Emma Brown,Advanced,57,Female,India,2024-08-13,8,57.42,38.95,459.36,311.6,147.76,32.17
1459,Neural Networks Explained,Sarah Johnson,Beginner,67,Male,UK,2024-02-22,4,32.18,18.31,128.72,73.24,55.48,43.1
1460,Deep Learning Mastery,Michael Chen,Advanced,63,Female,UK,2024-05-07,7,39.79,16.53,278.53,115.71,162.82,58.46
1461,Machine Learning Guide,David Lee,Business,25,Female,Canada,2024-08-20,9,26.32,17.92,236.88,161.28,75.6,31.91
1462,Natural Language Processing,John Smith,Advanced,40,Male,Germany,2024-12-19,1,40.64,18.6,40.64,18.6,22.04,54.23
1463,Neural Networks Explained,Michael Chen,Business,33,Female,Germany,2024-01-24,4,20.68,12.3,82.72,49.2,33.52,40.52
1464,Computer Vision Essentials,Emma Brown,Business,67,Male,Canada,2024-08-09,6,28.23,18.43,169.38,110.58,58.8,34.71
1465,AI Ethics Handbook,Michael Chen,Beginner,62,Female,USA,2024-01-14,3,55.6,25.58,166.8,76.74,90.06,53.99
1466,AI Automation,Sophia Davis,Beginner,52,Male,Australia,2024-07-10,8,22.11,10.27,176.88,82.16,94.72,53.55
1467,Neural Networks Explained,Sophia Davis,Advanced,26,Male,Canada,2024-12-11,4,37.85,21.84,151.4,87.36,64.04,42.3
1468,Neural Networks Explained,John Smith,Advanced,56,Male,Germany,2024-04-22,9,23.37,12.86,210.33,115.74,94.59,44.97
1469,AI Ethics Handbook,David Lee,Technical,61,Male,Canada,2024-08-17,7,57.5,26.91,402.5,188.37,214.13,53.2
1470,AI Basics,David Lee,Technical,26,Female,USA,2024-10-12,8,37.11,24.98,296.88,199.84,97.04,32.69
1471,Deep Learning Mastery,Sophia Davis,Business,50,Female,USA,2024-02-22,2,21.75,14.64,43.5,29.28,14.22,32.69
1472,AI in Business,David Lee,Beginner,30,Male,Germany,2024-08-29,7,34.05,15.98,238.35,111.86,126.49,53.07
1473,Machine Learning Guide,David Lee,Beginner,19,Female,Germany,2024-08-04,1,59.6,37.46,59.6,37.46,22.14,37.15
1474,AI Automation,Michael Chen,Beginner,61,Male,UK,2024-06-27,1,15.54,10.3,15.54,10.3,5.24,33.72
1475,AI Basics,Sarah Johnson,Beginner,64,Male,India,2024-12-11,6,27.68,14.81,166.08,88.86,77.22,46.5
1476,Python for AI,David Lee,Business,21,Female,Australia,2024-03-18,10,24.16,11.58,241.6,115.8,125.8,52.07
1477,AI in Business,Sophia Davis,Technical,18,Male,USA,2024-11-22,6,59.72,28.49,358.32,170.94,187.38,52.29
1478,Machine Learning Guide,Sarah Johnson,Beginner,47,Male,Canada,2024-04-06,6,47.46,27.85,284.76,167.1,117.66,41.32
1479,Neural Networks Explained,Emma Brown,Advanced,41,Female,India,2024-03-10,8,24.77,11.63,198.16,93.04,105.12,53.05
1480,AI Ethics Handbook,Sophia Davis,Technical,18,Female,UK,2024-05-20,5,24.43,14.57,122.15,72.85,49.3,40.36
1481,AI in Business,John Smith,Advanced,62,Female,India,2024-05-30,4,50.52,26.1,202.08,104.4,97.68,48.34
1482,Deep Learning Mastery,David Lee,Beginner,58,Female,India,2024-11-26,2,25.96,13.17,51.92,26.34,25.58,49.27
1483,Natural Language Processing,Sarah Johnson,Technical,52,Male,USA,2024-04-06,7,44.44,22.15,311.08,155.05,156.03,50.16
1484,Computer Vision Essentials,Michael Chen,Business,70,Male,Australia,2024-01-20,7,23.71,12.94,165.97,90.58,75.39,45.42
1485,Neural Networks Explained,Emma Brown,Beginner,19,Male,UK,2024-09-06,8,40.12,18.55,320.96,148.4,172.56,53.76
1486,Neural Networks Explained,Sarah Johnson,Business,27,Male,UK,2024-06-20,6,49.37,28.92,296.22,173.52,122.7,41.42
1487,AI Automation,Sarah Johnson,Business,62,Male,Germany,2024-09-30,7,59.55,32.31,416.85,226.17,190.68,45.74
1488,AI Basics,Sophia Davis,Advanced,21,Female,UK,2024-12-29,10,28.03,16.74,280.3,167.4,112.9,40.28
1489,Python for AI,Sarah Johnson,Advanced,45,Female,Canada,2024-06-29,3,38.61,26.85,115.83,80.55,35.28,30.46
1490,Natural Language Processing,John Smith,Beginner,44,Male,Germany,2024-09-10,10,55.49,27.51,554.9,275.1,279.8,50.42
1491,AI in Business,John Smith,Advanced,33,Female,India,2024-02-14,5,16.23,9.17,81.15,45.85,35.3,43.5
1492,AI Basics,David Lee,Business,45,Female,UK,2024-03-19,1,31.56,15.55,31.56,15.55,16.01,50.73
1493,AI Basics,David Lee,Beginner,62,Male,USA,2024-06-27,10,40.13,18.93,401.3,189.3,212.0,52.83
1494,Neural Networks Explained,Sophia Davis,Business,23,Male,Australia,2024-12-03,1,49.86,24.09,49.86,24.09,25.77,51.68
1495,Machine Learning Guide,John Smith,Business,45,Male,UK,2024-01-08,5,58.43,33.26,292.15,166.3,125.85,43.08
1496,Deep Learning Mastery,Emma Brown,Advanced,33,Female,Germany,2024-10-16,6,55.15,38.43,330.9,230.58,100.32,30.32
1497,AI Basics,John Smith,Beginner,46,Male,Australia,2024-07-27,7,19.07,8.95,133.49,62.65,70.84,53.07
1498,Machine Learning Guide,David Lee,Business,28,Male,India,2024-12-13,3,18.2,12.67,54.6,38.01,16.59,30.38
1499,AI in Business,Sophia Davis,Technical,53,Female,Germany,2024-09-29,10,41.66,26.39,416.6,263.9,152.7,36.65
