Book_ID,Book_Title,Author,Age_Group,Gender,Region,Education_Level,Units_Sold,Price,Cost,Revenue,Profit,Profit_Margin_%
1,Zero Trust Architecture,Daniel Clark,18-25,Male,UK,Graduate,402,78.29,22.35,31472.58,22487.88,71.45
2,Advanced Penetration Testing,John Smith,46-60,Female,Germany,Student,333,33.24,38.05,11068.92,-1601.7299999999984,-14.47
3,Malware Analysis Techniques,John Smith,36-45,Female,Canada,Doctorate,44,64.04,22.92,2817.76,1809.2800000000002,64.21
4,Digital Forensics Guide,Michael Brown,46-60,Other,Canada,Graduate,474,65.76,36.34,31170.24,13945.08,44.74
5,Zero Trust Architecture,Daniel Clark,46-60,Male,Germany,Undergraduate,491,75.76,28.17,37198.16,23366.690000000002,62.82
6,Cryptography and Encryption,Robert Wilson,46-60,Female,India,Student,225,21.83,17.41,4911.75,994.4999999999995,20.25
7,Cybersecurity for Beginners,David Lee,46-60,Male,India,Professional,489,72.32,20.68,35364.479999999996,25251.959999999995,71.4
8,Zero Trust Architecture,John Smith,60+,Female,Australia,Student,74,51.63,12.52,3820.6200000000003,2894.14,75.75
9,Malware Analysis Techniques,Michael Brown,60+,Female,Canada,Undergraduate,17,57.95,20.0,985.1500000000001,645.1500000000001,65.49
10,Digital Forensics Guide,Daniel Clark,26-35,Male,USA,Doctorate,310,58.67,30.33,18187.7,8785.400000000001,48.3
11,Advanced Penetration Testing,David Lee,18-25,Female,Australia,Doctorate,352,69.19,12.16,24354.879999999997,20074.56,82.43
12,Malware Analysis Techniques,Daniel Clark,46-60,Female,India,Doctorate,440,40.0,16.16,17600.0,10489.6,59.6
13,Malware Analysis Techniques,James Taylor,26-35,Other,Germany,Professional,433,63.98,21.44,27703.34,18419.819999999996,66.49
14,Cybersecurity for Beginners,Michael Brown,18-25,Female,India,Graduate,341,51.71,39.46,17633.11,4177.25,23.69
15,Cloud Security Handbook,David Lee,36-45,Female,Germany,Graduate,447,67.6,33.55,30217.199999999997,15220.349999999999,50.37
16,Digital Forensics Guide,Lisa Martin,60+,Female,Australia,Student,85,79.43,32.0,6751.55,4031.5500000000006,59.71
17,Network Security Fundamentals,Emily Davis,18-25,Other,Canada,Professional,183,32.04,13.49,5863.32,3394.6499999999996,57.9
18,Malware Analysis Techniques,Emily Davis,36-45,Male,India,Doctorate,56,79.68,33.43,4462.08,2590.0000000000005,58.04
19,Cloud Security Handbook,David Lee,18-25,Other,Germany,Doctorate,24,25.39,33.56,609.36,-196.08000000000004,-32.18
20,Network Security Fundamentals,Daniel Clark,60+,Other,Canada,Undergraduate,370,20.14,28.03,7451.8,-2919.3,-39.18
21,Digital Forensics Guide,Michael Brown,60+,Male,USA,Undergraduate,156,22.65,39.71,3533.3999999999996,-2661.3600000000006,-75.32
22,Ethical Hacking Essentials,Emily Davis,26-35,Other,Germany,Doctorate,35,40.51,19.76,1417.85,726.2499999999999,51.22
23,Cryptography and Encryption,Michael Brown,46-60,Male,Australia,Doctorate,317,57.97,38.24,18376.489999999998,6254.409999999999,34.03
24,Cloud Security Handbook,Emily Davis,18-25,Other,USA,Professional,102,24.14,37.44,2462.28,-1356.5999999999997,-55.1
25,SOC Analyst Playbook,James Taylor,18-25,Male,USA,Graduate,415,20.34,10.34,8441.1,4150.0,49.16
26,Ethical Hacking Essentials,Daniel Clark,36-45,Female,UK,Undergraduate,241,76.23,23.5,18371.43,12707.93,69.17
27,Cryptography and Encryption,James Taylor,60+,Other,India,Graduate,30,69.32,39.31,2079.6,900.2999999999997,43.29
28,Cybersecurity for Beginners,Emily Davis,18-25,Other,Germany,Professional,316,68.55,13.09,21661.8,17525.359999999997,80.9
29,Zero Trust Architecture,Lisa Martin,60+,Other,USA,Doctorate,47,73.07,26.43,3434.2899999999995,2192.0799999999995,63.83
30,Advanced Penetration Testing,Lisa Martin,18-25,Other,UK,Graduate,285,62.0,39.37,17670.0,6449.550000000001,36.5
31,SOC Analyst Playbook,James Taylor,26-35,Female,Australia,Doctorate,166,26.26,26.66,4359.16,-66.39999999999976,-1.52
32,Cybersecurity for Beginners,Lisa Martin,46-60,Other,Canada,Doctorate,188,43.95,15.69,8262.6,5312.880000000001,64.3
33,Digital Forensics Guide,Emily Davis,18-25,Female,Germany,Student,141,63.39,27.47,8937.99,5064.72,56.67
34,Cybersecurity for Beginners,David Lee,60+,Female,USA,Graduate,320,36.82,16.13,11782.4,6620.8,56.19
35,Zero Trust Architecture,James Taylor,26-35,Female,India,Graduate,464,61.24,25.59,28415.36,16541.600000000002,58.21
36,Digital Forensics Guide,Sarah Johnson,18-25,Female,UK,Doctorate,357,21.47,12.22,7664.79,3302.2499999999995,43.08
37,SOC Analyst Playbook,Daniel Clark,36-45,Male,USA,Professional,37,38.37,28.16,1419.6899999999998,377.7699999999999,26.61
38,Zero Trust Architecture,Lisa Martin,46-60,Male,India,Student,269,52.95,25.5,14243.550000000001,7384.050000000001,51.84
39,Network Security Fundamentals,Lisa Martin,18-25,Other,USA,Doctorate,415,57.93,32.2,24040.95,10677.949999999999,44.42
40,Advanced Penetration Testing,John Smith,26-35,Male,Germany,Undergraduate,85,54.62,28.92,4642.7,2184.4999999999995,47.05
41,SOC Analyst Playbook,Robert Wilson,36-45,Male,Germany,Undergraduate,438,61.87,26.49,27099.059999999998,15496.439999999999,57.18
42,Network Security Fundamentals,James Taylor,26-35,Other,Germany,Student,76,20.37,30.69,1548.1200000000001,-784.32,-50.66
43,Cryptography and Encryption,Laura White,26-35,Other,Australia,Professional,351,26.06,14.32,9147.06,4120.74,45.05
44,SOC Analyst Playbook,Lisa Martin,36-45,Other,Australia,Doctorate,203,72.14,27.86,14644.42,8988.84,61.38
45,Cryptography and Encryption,Daniel Clark,26-35,Male,UK,Graduate,481,60.9,15.16,29292.899999999998,22000.94,75.11
46,Digital Forensics Guide,Sarah Johnson,36-45,Male,Germany,Student,171,26.78,37.77,4579.38,-1879.2900000000004,-41.04
47,Network Security Fundamentals,Lisa Martin,18-25,Other,India,Professional,356,70.52,12.05,25105.12,20815.32,82.91
48,Advanced Penetration Testing,Sarah Johnson,36-45,Female,USA,Graduate,448,34.53,22.91,15469.44,5205.76,33.65
49,Zero Trust Architecture,Emily Davis,36-45,Other,Canada,Undergraduate,370,48.7,30.87,18019.0,6597.1,36.61
50,Malware Analysis Techniques,Emily Davis,46-60,Female,India,Undergraduate,266,28.71,23.74,7636.860000000001,1322.0200000000007,17.31
51,Cybersecurity for Beginners,Robert Wilson,36-45,Female,Australia,Graduate,81,62.61,12.76,5071.41,4037.85,79.62
52,Ethical Hacking Essentials,David Lee,36-45,Other,Australia,Student,96,60.01,26.6,5760.96,3207.3599999999997,55.67
53,Advanced Penetration Testing,Laura White,18-25,Other,India,Undergraduate,431,32.67,29.25,14080.77,1474.0200000000007,10.47
54,Network Security Fundamentals,John Smith,46-60,Other,Australia,Doctorate,271,71.8,31.11,19457.8,11026.99,56.67
55,Malware Analysis Techniques,Robert Wilson,60+,Male,Germany,Graduate,223,44.08,21.2,9829.84,5102.24,51.91
56,Advanced Penetration Testing,Michael Brown,18-25,Female,UK,Graduate,162,37.55,26.91,6083.099999999999,1723.6799999999996,28.34
57,Network Security Fundamentals,John Smith,18-25,Male,USA,Undergraduate,219,29.14,23.52,6381.66,1230.7800000000002,19.29
58,Cloud Security Handbook,James Taylor,60+,Male,UK,Student,410,35.97,30.16,14747.699999999999,2382.0999999999995,16.15
59,Cloud Security Handbook,Daniel Clark,36-45,Other,USA,Doctorate,70,21.32,27.51,1492.4,-433.30000000000007,-29.03
60,Cryptography and Encryption,Michael Brown,26-35,Male,USA,Student,277,55.0,25.77,15235.0,8096.71,53.15
61,Advanced Penetration Testing,Michael Brown,46-60,Other,UK,Professional,271,70.53,17.49,19113.63,14373.840000000002,75.2
62,Cloud Security Handbook,Robert Wilson,26-35,Female,India,Professional,227,52.94,10.06,12017.38,9733.759999999998,81.0
63,Network Security Fundamentals,David Lee,60+,Other,USA,Undergraduate,292,33.16,15.22,9682.72,5238.48,54.1
64,Cryptography and Encryption,Robert Wilson,18-25,Male,UK,Undergraduate,145,22.02,13.51,3192.9,1233.95,38.65
65,Network Security Fundamentals,James Taylor,18-25,Male,USA,Undergraduate,476,32.88,23.47,15650.880000000001,4479.160000000002,28.62
66,Cryptography and Encryption,Lisa Martin,46-60,Other,Canada,Professional,389,44.97,28.37,17493.329999999998,6457.399999999999,36.91
67,Advanced Penetration Testing,Lisa Martin,18-25,Other,India,Student,371,65.58,16.39,24330.18,18249.489999999998,75.01
68,Malware Analysis Techniques,David Lee,18-25,Male,Germany,Student,458,31.27,38.17,14321.66,-3160.200000000001,-22.07
69,Zero Trust Architecture,James Taylor,46-60,Female,USA,Undergraduate,450,63.19,10.2,28435.5,23845.499999999996,83.86
70,SOC Analyst Playbook,David Lee,46-60,Female,Canada,Doctorate,102,72.02,33.17,7346.04,3962.6999999999994,53.94
71,Malware Analysis Techniques,Sarah Johnson,60+,Other,Germany,Student,118,47.24,28.76,5574.320000000001,2180.64,39.12
72,Digital Forensics Guide,Lisa Martin,18-25,Female,Germany,Professional,250,69.29,21.21,17322.5,12020.000000000002,69.39
73,Network Security Fundamentals,Michael Brown,18-25,Male,USA,Graduate,364,53.28,11.51,19393.920000000002,15204.28,78.4
74,Digital Forensics Guide,Laura White,60+,Other,UK,Graduate,433,58.23,28.82,25213.59,12734.529999999999,50.51
75,Malware Analysis Techniques,Daniel Clark,36-45,Male,USA,Graduate,151,51.58,21.57,7788.58,4531.509999999999,58.18
76,Cryptography and Encryption,James Taylor,36-45,Male,Canada,Doctorate,300,47.79,38.09,14337.0,2909.9999999999986,20.3
77,SOC Analyst Playbook,John Smith,36-45,Female,Germany,Undergraduate,441,34.08,26.26,15029.279999999999,3448.6199999999985,22.95
78,SOC Analyst Playbook,David Lee,60+,Other,USA,Professional,246,38.19,38.19,9394.74,0.0,0.0
79,Ethical Hacking Essentials,Daniel Clark,18-25,Other,UK,Doctorate,349,37.4,16.61,13052.6,7255.71,55.59
80,SOC Analyst Playbook,John Smith,60+,Female,USA,Professional,321,53.8,31.77,17269.8,7071.629999999999,40.95
81,Zero Trust Architecture,Daniel Clark,60+,Male,India,Professional,186,27.2,28.52,5059.2,-245.52000000000004,-4.85
82,SOC Analyst Playbook,Laura White,36-45,Male,UK,Undergraduate,150,75.01,32.18,11251.5,6424.500000000001,57.1
83,Malware Analysis Techniques,John Smith,26-35,Male,Canada,Graduate,198,63.24,16.44,12521.52,9266.4,74.0
84,Ethical Hacking Essentials,Robert Wilson,18-25,Male,Germany,Undergraduate,495,44.09,29.95,21824.550000000003,6999.300000000002,32.07
85,Malware Analysis Techniques,Emily Davis,36-45,Other,USA,Doctorate,58,29.52,24.94,1712.16,265.6399999999999,15.51
86,Malware Analysis Techniques,Robert Wilson,26-35,Other,UK,Doctorate,311,72.92,32.28,22678.12,12639.04,55.73
87,Cybersecurity for Beginners,Lisa Martin,26-35,Female,India,Doctorate,378,69.43,19.81,26244.54,18756.36,71.47
88,Ethical Hacking Essentials,Emily Davis,46-60,Female,UK,Undergraduate,199,63.3,36.7,12596.699999999999,5293.399999999999,42.02
89,Malware Analysis Techniques,Robert Wilson,18-25,Other,Australia,Professional,145,36.29,12.53,5262.05,3445.2,65.47
90,Cybersecurity for Beginners,Emily Davis,26-35,Other,India,Professional,52,44.15,34.22,2295.7999999999997,516.36,22.49
91,Cybersecurity for Beginners,Emily Davis,36-45,Male,Canada,Student,413,26.16,35.84,10804.08,-3997.8400000000015,-37.0
92,Ethical Hacking Essentials,Michael Brown,46-60,Male,Germany,Doctorate,389,31.34,34.52,12191.26,-1237.0200000000013,-10.15
93,Digital Forensics Guide,David Lee,18-25,Female,Canada,Professional,362,66.98,25.38,24246.760000000002,15059.200000000003,62.11
94,Cryptography and Encryption,David Lee,60+,Other,USA,Student,99,62.9,23.15,6227.099999999999,3935.25,63.2
95,Zero Trust Architecture,Michael Brown,36-45,Female,UK,Professional,304,55.61,39.89,16905.44,4778.879999999999,28.27
96,Cryptography and Encryption,Daniel Clark,26-35,Other,Australia,Doctorate,350,73.74,16.88,25809.0,19901.0,77.11
97,SOC Analyst Playbook,Sarah Johnson,26-35,Male,India,Graduate,254,55.0,26.41,13970.0,7261.86,51.98
98,Zero Trust Architecture,Daniel Clark,36-45,Female,India,Doctorate,442,48.02,30.12,21224.84,7911.800000000001,37.28
99,SOC Analyst Playbook,John Smith,26-35,Female,UK,Undergraduate,201,40.42,31.03,8124.42,1887.39,23.23
100,Malware Analysis Techniques,John Smith,46-60,Other,Australia,Professional,327,76.43,16.12,24992.61,19721.37,78.91
101,Network Security Fundamentals,Emily Davis,18-25,Male,UK,Professional,115,24.96,29.62,2870.4,-535.9,-18.67
102,Ethical Hacking Essentials,Robert Wilson,46-60,Female,USA,Undergraduate,372,75.85,34.55,28216.199999999997,15363.599999999999,54.45
103,Zero Trust Architecture,Robert Wilson,26-35,Male,Canada,Undergraduate,319,69.6,11.5,22202.399999999998,18533.899999999998,83.48
104,Zero Trust Architecture,David Lee,60+,Female,India,Graduate,391,27.8,37.35,10869.800000000001,-3734.05,-34.35
105,Malware Analysis Techniques,James Taylor,18-25,Male,USA,Professional,242,53.9,10.89,13043.8,10408.42,79.8
106,Digital Forensics Guide,Daniel Clark,18-25,Other,Canada,Professional,274,71.99,20.68,19725.26,14058.939999999999,71.27
107,Cybersecurity for Beginners,Lisa Martin,36-45,Female,USA,Graduate,353,54.31,10.47,19171.43,15475.52,80.72
108,Malware Analysis Techniques,Laura White,36-45,Female,Australia,Student,46,74.43,12.31,3423.78,2857.5200000000004,83.46
109,Cloud Security Handbook,Robert Wilson,60+,Male,India,Graduate,314,76.58,37.34,24046.12,12321.359999999999,51.24
110,Cybersecurity for Beginners,Laura White,18-25,Male,UK,Doctorate,50,45.34,20.65,2267.0,1234.5000000000002,54.46
111,Ethical Hacking Essentials,Emily Davis,60+,Female,UK,Professional,26,42.64,22.74,1108.64,517.4000000000001,46.67
112,Cybersecurity for Beginners,Laura White,36-45,Other,Canada,Undergraduate,353,76.18,16.46,26891.54,21081.160000000003,78.39
113,Digital Forensics Guide,Lisa Martin,36-45,Male,Germany,Doctorate,286,60.51,27.91,17305.86,9323.599999999999,53.88
114,Cybersecurity for Beginners,Michael Brown,18-25,Male,Australia,Professional,316,26.96,27.84,8519.36,-278.0799999999997,-3.26
115,Ethical Hacking Essentials,Lisa Martin,46-60,Male,Canada,Graduate,68,22.54,21.17,1532.72,93.15999999999983,6.08
116,Digital Forensics Guide,Laura White,26-35,Female,Germany,Doctorate,432,53.88,19.99,23276.16,14640.48,62.9
117,Cryptography and Encryption,Lisa Martin,36-45,Female,USA,Professional,192,75.81,36.55,14555.52,7537.920000000001,51.79
118,Zero Trust Architecture,Sarah Johnson,36-45,Female,Australia,Student,50,70.65,21.5,3532.5000000000005,2457.5000000000005,69.57
119,Zero Trust Architecture,Emily Davis,46-60,Female,USA,Student,48,60.55,24.81,2906.3999999999996,1715.5199999999998,59.03
120,SOC Analyst Playbook,Daniel Clark,46-60,Other,India,Undergraduate,406,28.35,18.5,11510.1,3999.1000000000004,34.74
121,Cryptography and Encryption,Michael Brown,60+,Other,Australia,Professional,201,35.25,33.6,7085.25,331.6499999999997,4.68
122,Cryptography and Encryption,Robert Wilson,60+,Female,Germany,Student,276,72.53,21.92,20018.28,13968.36,69.78
123,Cybersecurity for Beginners,John Smith,26-35,Other,India,Graduate,156,30.97,25.41,4831.32,867.3599999999998,17.95
124,Zero Trust Architecture,Daniel Clark,26-35,Male,UK,Professional,404,36.71,17.6,14830.84,7720.44,52.06
125,Ethical Hacking Essentials,John Smith,18-25,Male,Germany,Graduate,342,27.78,39.63,9500.76,-4052.7000000000003,-42.66
126,Advanced Penetration Testing,Emily Davis,60+,Male,Canada,Graduate,136,60.57,18.74,8237.52,5688.88,69.06
127,Advanced Penetration Testing,Michael Brown,36-45,Female,UK,Student,55,76.64,33.12,4215.2,2393.6000000000004,56.78
128,Digital Forensics Guide,David Lee,60+,Male,UK,Professional,54,36.14,22.82,1951.56,719.28,36.86
129,Zero Trust Architecture,Robert Wilson,36-45,Other,Canada,Doctorate,10,48.52,16.19,485.20000000000005,323.29999999999995,66.63
130,Zero Trust Architecture,Sarah Johnson,46-60,Female,Australia,Student,177,58.06,33.99,10276.62,4260.39,41.46
131,Advanced Penetration Testing,David Lee,60+,Other,UK,Student,117,79.97,20.01,9356.49,7015.32,74.98
132,Zero Trust Architecture,Emily Davis,46-60,Male,Germany,Professional,28,26.29,35.96,736.12,-270.76000000000005,-36.78
133,Cybersecurity for Beginners,Daniel Clark,26-35,Male,India,Professional,341,49.91,37.46,17019.309999999998,4245.449999999999,24.94
134,Cloud Security Handbook,Sarah Johnson,26-35,Male,UK,Graduate,81,43.11,35.79,3491.91,592.9200000000001,16.98
135,Network Security Fundamentals,Lisa Martin,18-25,Female,Germany,Professional,465,71.95,11.05,33456.75,28318.500000000004,84.64
136,Cryptography and Encryption,Laura White,60+,Other,USA,Graduate,454,48.56,33.62,22046.24,6782.760000000002,30.77
137,SOC Analyst Playbook,Sarah Johnson,46-60,Female,Germany,Student,118,26.66,22.34,3145.88,509.76000000000005,16.2
138,Digital Forensics Guide,Emily Davis,36-45,Female,India,Undergraduate,277,58.07,36.21,16085.39,6055.22,37.64
139,Cloud Security Handbook,James Taylor,26-35,Male,Germany,Doctorate,454,66.25,29.14,30077.5,16847.94,56.02
140,Advanced Penetration Testing,Laura White,26-35,Female,Canada,Student,249,20.17,35.01,5022.330000000001,-3695.159999999999,-73.57
141,Cryptography and Encryption,John Smith,36-45,Female,India,Professional,426,71.54,24.98,30476.04,19834.56,65.08
142,Zero Trust Architecture,Robert Wilson,46-60,Male,Australia,Doctorate,310,31.16,26.05,9659.6,1584.1,16.4
143,SOC Analyst Playbook,John Smith,46-60,Female,USA,Undergraduate,99,53.12,14.33,5258.88,3840.21,73.02
144,Zero Trust Architecture,Sarah Johnson,60+,Male,Canada,Undergraduate,112,44.95,33.52,5034.400000000001,1280.1599999999999,25.43
145,Ethical Hacking Essentials,John Smith,60+,Male,Australia,Graduate,485,63.18,22.58,30642.3,19691.0,64.26
146,Ethical Hacking Essentials,Emily Davis,18-25,Male,Germany,Doctorate,259,42.27,25.0,10947.93,4472.930000000001,40.86
147,SOC Analyst Playbook,Lisa Martin,26-35,Male,India,Graduate,462,72.19,33.55,33351.78,17851.68,53.53
148,SOC Analyst Playbook,Daniel Clark,60+,Female,USA,Student,17,63.83,27.97,1085.11,609.62,56.18
149,Advanced Penetration Testing,Robert Wilson,46-60,Male,Canada,Doctorate,162,58.86,16.03,9535.32,6938.46,72.77
150,SOC Analyst Playbook,John Smith,36-45,Male,Australia,Student,356,67.77,27.71,24126.12,14261.359999999999,59.11
151,Cybersecurity for Beginners,John Smith,46-60,Female,Australia,Graduate,183,65.24,22.23,11938.919999999998,7870.829999999998,65.93
152,Zero Trust Architecture,Sarah Johnson,26-35,Female,USA,Doctorate,352,22.16,24.09,7800.32,-679.3599999999999,-8.71
153,Cloud Security Handbook,Daniel Clark,46-60,Other,Germany,Graduate,167,43.68,10.85,7294.56,5482.61,75.16
154,Malware Analysis Techniques,David Lee,18-25,Female,USA,Doctorate,440,75.85,16.3,33374.0,26202.0,78.51
155,SOC Analyst Playbook,John Smith,26-35,Female,Australia,Graduate,224,27.54,18.43,6168.96,2040.6399999999999,33.08
156,Digital Forensics Guide,Emily Davis,36-45,Other,UK,Undergraduate,186,64.23,31.39,11946.78,6108.240000000001,51.13
157,Ethical Hacking Essentials,James Taylor,18-25,Female,Canada,Graduate,184,78.48,10.34,14440.320000000002,12537.76,86.82
158,Cybersecurity for Beginners,Robert Wilson,26-35,Female,USA,Undergraduate,349,23.13,22.26,8072.37,303.6299999999991,3.76
159,Cryptography and Encryption,John Smith,36-45,Female,Australia,Graduate,347,60.93,37.72,21142.71,8053.87,38.09
160,Malware Analysis Techniques,Emily Davis,18-25,Female,Germany,Doctorate,155,48.09,13.36,7453.950000000001,5383.150000000001,72.22
161,Cloud Security Handbook,Emily Davis,18-25,Other,Australia,Doctorate,459,54.75,25.49,25130.25,13430.34,53.44
162,Malware Analysis Techniques,Robert Wilson,26-35,Female,Germany,Doctorate,333,25.12,33.6,8364.960000000001,-2823.84,-33.76
163,SOC Analyst Playbook,David Lee,60+,Female,USA,Professional,487,22.58,38.28,10996.46,-7645.9000000000015,-69.53
164,Advanced Penetration Testing,Emily Davis,18-25,Other,Germany,Student,170,60.01,32.4,10201.699999999999,4693.7,46.01
165,Ethical Hacking Essentials,James Taylor,18-25,Male,India,Doctorate,136,69.4,31.62,9438.400000000001,5138.08,54.44
166,Ethical Hacking Essentials,Emily Davis,36-45,Other,India,Undergraduate,429,66.92,34.79,28708.68,13783.77,48.01
167,Cryptography and Encryption,Emily Davis,46-60,Male,India,Doctorate,91,52.63,23.39,4789.33,2660.84,55.56
168,Advanced Penetration Testing,Emily Davis,26-35,Other,UK,Professional,494,25.99,34.18,12839.06,-4045.8600000000006,-31.51
169,Zero Trust Architecture,Lisa Martin,26-35,Other,USA,Undergraduate,156,61.28,10.24,9559.68,7962.24,83.29
170,Network Security Fundamentals,Lisa Martin,60+,Female,Australia,Professional,248,34.51,37.74,8558.48,-801.040000000001,-9.36
171,Cybersecurity for Beginners,David Lee,60+,Male,Australia,Undergraduate,421,74.66,23.3,31431.859999999997,21622.56,68.79
172,Ethical Hacking Essentials,John Smith,26-35,Female,UK,Graduate,433,70.3,26.6,30439.899999999998,18922.1,62.16
173,Digital Forensics Guide,Emily Davis,60+,Male,Germany,Student,93,62.56,17.65,5818.08,4176.63,71.79
174,Ethical Hacking Essentials,Daniel Clark,36-45,Other,UK,Student,122,76.93,32.28,9385.460000000001,5447.300000000001,58.04
175,Malware Analysis Techniques,John Smith,26-35,Other,Germany,Professional,234,21.89,12.3,5122.26,2244.06,43.81
176,Ethical Hacking Essentials,David Lee,60+,Male,Germany,Student,341,64.17,36.18,21881.97,9544.59,43.62
177,Ethical Hacking Essentials,Michael Brown,26-35,Female,Canada,Professional,387,39.81,34.84,15406.470000000001,1923.3899999999996,12.48
178,Network Security Fundamentals,John Smith,46-60,Female,Australia,Professional,252,74.36,16.48,18738.72,14585.759999999998,77.84
179,Network Security Fundamentals,John Smith,18-25,Female,India,Professional,152,36.0,34.28,5472.0,261.4399999999998,4.78
180,Cloud Security Handbook,Laura White,26-35,Female,Germany,Student,50,63.49,33.59,3174.5,1495.0,47.09
181,Zero Trust Architecture,Sarah Johnson,18-25,Other,Canada,Professional,432,72.66,28.97,31389.12,18874.079999999998,60.13
182,Digital Forensics Guide,Laura White,60+,Other,Australia,Student,267,22.5,21.21,6007.5,344.4299999999998,5.73
183,Ethical Hacking Essentials,James Taylor,18-25,Other,India,Professional,456,43.86,18.14,20000.16,11728.32,58.64
184,Ethical Hacking Essentials,Lisa Martin,26-35,Other,Germany,Doctorate,294,65.74,16.95,19327.559999999998,14344.259999999998,74.22
185,Cybersecurity for Beginners,Lisa Martin,46-60,Other,Germany,Professional,114,47.3,19.56,5392.2,3162.3599999999997,58.65
186,Network Security Fundamentals,Sarah Johnson,60+,Female,UK,Undergraduate,211,36.04,37.11,7604.44,-225.77000000000007,-2.97
187,Digital Forensics Guide,Robert Wilson,26-35,Female,UK,Professional,459,33.19,12.33,15234.21,9574.74,62.85
188,Cryptography and Encryption,Robert Wilson,60+,Female,Australia,Graduate,316,27.89,34.87,8813.24,-2205.679999999999,-25.03
189,Cloud Security Handbook,David Lee,36-45,Female,India,Professional,340,71.43,20.47,24286.2,17326.4,71.34
190,Zero Trust Architecture,Sarah Johnson,18-25,Other,Germany,Undergraduate,470,54.52,25.65,25624.4,13568.900000000001,52.95
191,Advanced Penetration Testing,John Smith,36-45,Other,Australia,Undergraduate,275,24.58,33.83,6759.499999999999,-2543.75,-37.63
192,Zero Trust Architecture,Robert Wilson,26-35,Other,Australia,Student,407,42.95,36.53,17480.65,2612.9400000000005,14.95
193,Malware Analysis Techniques,Emily Davis,46-60,Male,USA,Doctorate,219,42.06,20.34,9211.140000000001,4756.68,51.64
194,Ethical Hacking Essentials,Daniel Clark,60+,Female,UK,Professional,60,30.9,23.86,1854.0,422.4,22.78
195,Cloud Security Handbook,John Smith,18-25,Female,India,Student,127,46.13,22.44,5858.51,3008.63,51.35
196,Malware Analysis Techniques,James Taylor,60+,Other,Germany,Doctorate,210,39.93,10.4,8385.3,6201.3,73.95
197,Digital Forensics Guide,Emily Davis,26-35,Female,Australia,Professional,386,40.51,18.88,15636.859999999999,8349.18,53.39
198,Advanced Penetration Testing,Emily Davis,60+,Female,Germany,Graduate,48,64.34,23.78,3088.32,1946.88,63.04
199,Network Security Fundamentals,Sarah Johnson,18-25,Other,USA,Professional,37,33.4,22.33,1235.8,409.59000000000003,33.14
200,Cloud Security Handbook,David Lee,26-35,Male,India,Undergraduate,268,58.51,31.66,15680.68,7195.799999999999,45.89
201,Cloud Security Handbook,James Taylor,60+,Male,Australia,Undergraduate,93,54.24,21.54,5044.320000000001,3041.1000000000004,60.29
202,Ethical Hacking Essentials,Robert Wilson,46-60,Male,Germany,Graduate,463,54.09,24.68,25043.670000000002,13616.830000000002,54.37
203,SOC Analyst Playbook,Sarah Johnson,26-35,Other,UK,Student,164,59.78,22.89,9803.92,6049.96,61.71
204,Cloud Security Handbook,Robert Wilson,26-35,Female,USA,Doctorate,126,52.9,32.22,6665.4,2605.68,39.09
205,Cybersecurity for Beginners,Sarah Johnson,46-60,Other,India,Professional,11,72.76,35.89,800.36,405.57000000000005,50.67
206,Advanced Penetration Testing,Sarah Johnson,36-45,Other,USA,Undergraduate,102,60.53,25.96,6174.06,3526.14,57.11
207,Advanced Penetration Testing,Sarah Johnson,18-25,Female,UK,Student,175,52.82,33.68,9243.5,3349.5,36.24
208,Cybersecurity for Beginners,David Lee,36-45,Male,India,Graduate,396,69.79,18.9,27636.840000000004,20152.440000000002,72.92
209,Cryptography and Encryption,Sarah Johnson,60+,Male,USA,Undergraduate,409,56.37,26.24,23055.329999999998,12323.17,53.45
210,Cybersecurity for Beginners,Michael Brown,46-60,Other,Canada,Graduate,359,37.47,20.36,13451.73,6142.49,45.66
211,Cybersecurity for Beginners,Daniel Clark,36-45,Male,UK,Professional,305,32.43,22.43,9891.15,3050.0,30.84
212,Advanced Penetration Testing,Robert Wilson,26-35,Other,UK,Doctorate,267,29.14,31.97,7780.38,-755.6099999999996,-9.71
213,Zero Trust Architecture,John Smith,60+,Other,UK,Undergraduate,90,73.97,36.45,6657.3,3376.7999999999997,50.72
214,Advanced Penetration Testing,Laura White,60+,Female,Canada,Undergraduate,434,62.61,13.64,27172.739999999998,21252.98,78.21
215,SOC Analyst Playbook,James Taylor,36-45,Female,Canada,Professional,277,76.24,29.04,21118.48,13074.4,61.91
216,Ethical Hacking Essentials,Lisa Martin,36-45,Female,Germany,Student,428,56.2,27.46,24053.600000000002,12300.720000000001,51.14
217,Malware Analysis Techniques,David Lee,46-60,Other,Australia,Doctorate,244,48.4,13.55,11809.6,8503.399999999998,72.0
218,Zero Trust Architecture,John Smith,18-25,Female,USA,Undergraduate,330,23.58,16.36,7781.4,2382.5999999999995,30.62
219,Network Security Fundamentals,Emily Davis,36-45,Male,Germany,Doctorate,320,60.3,19.33,19296.0,13110.4,67.94
220,Malware Analysis Techniques,Michael Brown,36-45,Male,USA,Undergraduate,310,54.93,15.01,17028.3,12375.2,72.67
221,Ethical Hacking Essentials,Lisa Martin,26-35,Other,Australia,Doctorate,472,79.41,17.31,37481.52,29311.199999999997,78.2
222,SOC Analyst Playbook,Laura White,60+,Other,Canada,Graduate,483,34.35,18.03,16591.05,7882.56,47.51
223,SOC Analyst Playbook,John Smith,18-25,Female,Australia,Undergraduate,366,51.84,20.07,18973.440000000002,11627.820000000002,61.28
224,Network Security Fundamentals,Lisa Martin,26-35,Other,Canada,Doctorate,222,59.06,32.48,13111.32,5900.760000000001,45.01
225,Zero Trust Architecture,John Smith,46-60,Other,Australia,Student,71,58.68,27.16,4166.28,2237.92,53.72
226,Cryptography and Encryption,Michael Brown,46-60,Male,Germany,Graduate,58,53.68,39.59,3113.44,817.2199999999998,26.25
227,Cybersecurity for Beginners,Laura White,36-45,Male,India,Graduate,136,66.62,22.44,9060.32,6008.480000000001,66.32
228,Zero Trust Architecture,Emily Davis,36-45,Female,Germany,Student,232,32.3,32.62,7493.599999999999,-74.24000000000007,-0.99
229,Cryptography and Encryption,Sarah Johnson,46-60,Other,USA,Doctorate,418,63.54,36.14,26559.72,11453.199999999999,43.12
230,SOC Analyst Playbook,Robert Wilson,36-45,Other,Germany,Professional,288,57.18,30.37,16467.84,7721.28,46.89
231,Advanced Penetration Testing,Emily Davis,18-25,Male,UK,Student,417,73.76,22.36,30757.920000000002,21433.800000000003,69.69
232,Ethical Hacking Essentials,Sarah Johnson,36-45,Other,USA,Doctorate,303,70.83,32.61,21461.489999999998,11580.66,53.96
233,Network Security Fundamentals,David Lee,60+,Male,Australia,Student,293,38.91,16.11,11400.63,6680.399999999999,58.6
234,Ethical Hacking Essentials,Daniel Clark,36-45,Female,USA,Student,286,36.57,19.83,10459.02,4787.64,45.78
235,Digital Forensics Guide,James Taylor,26-35,Male,India,Undergraduate,447,78.9,26.4,35268.3,23467.500000000004,66.54
236,Digital Forensics Guide,James Taylor,18-25,Other,Canada,Doctorate,116,51.64,27.26,5990.24,2828.08,47.21
237,Zero Trust Architecture,Robert Wilson,26-35,Female,Australia,Professional,155,74.39,10.66,11530.45,9878.150000000001,85.67
238,SOC Analyst Playbook,Laura White,26-35,Male,USA,Undergraduate,429,29.83,38.35,12797.07,-3655.0800000000013,-28.56
239,SOC Analyst Playbook,Michael Brown,60+,Male,Australia,Student,108,58.57,30.9,6325.56,2988.36,47.24
240,Cybersecurity for Beginners,Laura White,18-25,Female,Australia,Student,438,68.59,24.87,30042.420000000002,19149.36,63.74
241,Cybersecurity for Beginners,Michael Brown,18-25,Female,Australia,Student,384,76.84,37.99,29506.56,14918.400000000001,50.56
242,Cybersecurity for Beginners,Laura White,18-25,Male,Canada,Doctorate,82,40.24,23.17,3299.6800000000003,1399.74,42.42
243,Advanced Penetration Testing,Daniel Clark,18-25,Other,Germany,Doctorate,446,63.5,39.41,28321.0,10744.140000000001,37.94
244,Malware Analysis Techniques,David Lee,18-25,Male,Australia,Undergraduate,495,52.33,25.37,25903.35,13345.199999999999,51.52
245,Cloud Security Handbook,David Lee,60+,Female,UK,Professional,131,23.64,13.43,3096.84,1337.5100000000002,43.19
246,Malware Analysis Techniques,Sarah Johnson,36-45,Male,India,Undergraduate,39,61.4,32.94,2394.6,1109.94,46.35
247,Ethical Hacking Essentials,Lisa Martin,26-35,Female,Canada,Graduate,197,61.41,30.37,12097.769999999999,6114.879999999999,50.55
248,Malware Analysis Techniques,David Lee,18-25,Female,USA,Student,373,75.84,33.19,28288.32,15908.450000000003,56.24
249,Advanced Penetration Testing,David Lee,36-45,Other,Canada,Student,363,49.84,38.54,18091.920000000002,4101.9000000000015,22.67
250,Ethical Hacking Essentials,Emily Davis,36-45,Female,USA,Student,297,33.82,33.29,10044.54,157.41000000000034,1.57
251,Malware Analysis Techniques,Emily Davis,26-35,Female,Canada,Undergraduate,460,22.67,28.34,10428.2,-2608.1999999999994,-25.01
252,Advanced Penetration Testing,Sarah Johnson,60+,Other,USA,Undergraduate,204,44.94,35.72,9167.76,1880.8799999999997,20.52
253,Cloud Security Handbook,Lisa Martin,46-60,Female,Australia,Student,165,38.12,30.2,6289.799999999999,1306.7999999999997,20.78
254,Malware Analysis Techniques,Robert Wilson,46-60,Other,Germany,Undergraduate,181,65.67,22.24,11886.27,7860.830000000001,66.13
255,Advanced Penetration Testing,Emily Davis,36-45,Other,USA,Doctorate,344,41.26,36.57,14193.439999999999,1613.3599999999992,11.37
256,Cybersecurity for Beginners,Robert Wilson,26-35,Female,USA,Doctorate,50,76.94,16.66,3847.0,3014.0,78.35
257,SOC Analyst Playbook,John Smith,46-60,Female,UK,Undergraduate,72,77.74,31.44,5597.28,3333.6,59.56
258,Cybersecurity for Beginners,Emily Davis,36-45,Male,USA,Student,32,57.25,36.45,1832.0,665.5999999999999,36.33
259,SOC Analyst Playbook,Daniel Clark,60+,Other,UK,Undergraduate,369,75.72,31.94,27940.68,16154.82,57.82
260,Network Security Fundamentals,Lisa Martin,46-60,Male,India,Undergraduate,84,65.65,30.92,5514.6,2917.32,52.9
261,Network Security Fundamentals,Sarah Johnson,36-45,Female,Australia,Undergraduate,57,52.81,32.58,3010.17,1153.1100000000001,38.31
262,Network Security Fundamentals,John Smith,36-45,Male,UK,Graduate,169,30.82,23.95,5208.58,1161.0300000000002,22.29
263,Cloud Security Handbook,Lisa Martin,18-25,Other,Germany,Doctorate,322,47.52,36.23,15301.44,3635.380000000002,23.76
264,Cybersecurity for Beginners,Daniel Clark,60+,Male,Australia,Professional,127,53.65,16.1,6813.55,4768.849999999999,69.99
265,SOC Analyst Playbook,Lisa Martin,18-25,Other,UK,Professional,109,71.84,13.82,7830.56,6324.18,80.76
266,Advanced Penetration Testing,Daniel Clark,26-35,Female,Australia,Graduate,389,48.88,18.57,19014.32,11790.59,62.01
267,Ethical Hacking Essentials,Daniel Clark,18-25,Female,Australia,Undergraduate,426,73.86,25.95,31464.36,20409.66,64.87
268,Advanced Penetration Testing,Robert Wilson,18-25,Other,Australia,Graduate,417,60.46,25.32,25211.82,14653.380000000001,58.12
269,Ethical Hacking Essentials,Laura White,46-60,Female,India,Graduate,176,28.22,34.62,4966.719999999999,-1126.3999999999996,-22.68
270,Digital Forensics Guide,John Smith,36-45,Female,Germany,Student,299,79.7,22.14,23830.3,17210.440000000002,72.22
271,Advanced Penetration Testing,Lisa Martin,60+,Female,Canada,Doctorate,449,51.63,24.53,23181.870000000003,12167.900000000001,52.49
272,Malware Analysis Techniques,Michael Brown,18-25,Female,Canada,Professional,165,43.51,10.4,7179.15,5463.15,76.1
273,Malware Analysis Techniques,John Smith,60+,Other,UK,Undergraduate,430,59.55,22.29,25606.5,16021.8,62.57
274,Zero Trust Architecture,Laura White,18-25,Male,Australia,Professional,16,26.53,29.43,424.48,-46.39999999999998,-10.93
275,Cybersecurity for Beginners,John Smith,26-35,Male,UK,Professional,205,58.19,10.47,11928.949999999999,9782.6,82.01
276,Ethical Hacking Essentials,David Lee,18-25,Female,India,Doctorate,430,49.89,18.43,21452.7,13527.800000000001,63.06
277,Ethical Hacking Essentials,Michael Brown,46-60,Male,India,Professional,65,44.4,16.24,2886.0,1830.4,63.42
278,Cybersecurity for Beginners,Laura White,36-45,Male,USA,Professional,330,77.18,11.26,25469.4,21753.600000000002,85.41
279,Cloud Security Handbook,Robert Wilson,26-35,Female,India,Graduate,202,51.35,24.38,10372.7,5447.9400000000005,52.52
280,Zero Trust Architecture,Lisa Martin,18-25,Female,USA,Doctorate,56,33.15,15.45,1856.3999999999999,991.1999999999999,53.39
281,Cloud Security Handbook,James Taylor,60+,Male,Germany,Student,157,47.54,32.29,7463.78,2394.25,32.08
282,Cloud Security Handbook,Laura White,26-35,Other,UK,Undergraduate,284,75.16,35.44,21345.44,11280.48,52.85
283,Cloud Security Handbook,Sarah Johnson,26-35,Female,Germany,Professional,166,30.57,26.37,5074.62,697.1999999999999,13.74
284,Cybersecurity for Beginners,Lisa Martin,18-25,Other,India,Undergraduate,211,32.84,39.45,6929.240000000001,-1394.7099999999998,-20.13
285,Cloud Security Handbook,Laura White,26-35,Male,Germany,Student,453,20.78,23.51,9413.34,-1236.6900000000003,-13.14
286,Malware Analysis Techniques,David Lee,60+,Female,Germany,Undergraduate,411,20.85,25.4,8569.35,-1870.0499999999988,-21.82
287,Network Security Fundamentals,James Taylor,26-35,Other,Germany,Student,485,69.76,39.68,33833.600000000006,14588.800000000003,43.12
288,Digital Forensics Guide,David Lee,60+,Female,India,Graduate,428,63.93,16.95,27362.04,20107.440000000002,73.49
289,Ethical Hacking Essentials,James Taylor,18-25,Male,Australia,Professional,436,41.3,38.28,18006.8,1316.7199999999982,7.31
290,Ethical Hacking Essentials,Sarah Johnson,36-45,Other,Germany,Student,488,61.9,11.29,30207.2,24697.68,81.76
291,Digital Forensics Guide,Lisa Martin,26-35,Male,USA,Undergraduate,484,43.71,23.39,21155.64,9834.880000000001,46.49
292,Cybersecurity for Beginners,Robert Wilson,36-45,Male,India,Professional,135,77.17,12.1,10417.95,8784.45,84.32
293,Advanced Penetration Testing,David Lee,60+,Female,Germany,Graduate,404,78.02,31.88,31520.079999999998,18640.56,59.14
294,Cybersecurity for Beginners,David Lee,26-35,Other,Australia,Professional,314,43.57,28.25,13680.98,4810.4800000000005,35.16
295,Ethical Hacking Essentials,Daniel Clark,46-60,Male,India,Student,378,71.25,31.2,26932.5,15138.9,56.21
296,Ethical Hacking Essentials,James Taylor,36-45,Male,Canada,Graduate,303,66.39,21.23,20116.170000000002,13683.48,68.02
297,Digital Forensics Guide,Emily Davis,26-35,Other,Australia,Undergraduate,73,38.6,21.08,2817.8,1278.9600000000003,45.39
298,Cloud Security Handbook,Lisa Martin,36-45,Male,USA,Graduate,334,33.92,11.36,11329.28,7535.040000000001,66.51
299,Cybersecurity for Beginners,James Taylor,26-35,Male,Germany,Graduate,401,47.49,20.5,19043.49,10822.990000000002,56.83
300,SOC Analyst Playbook,Daniel Clark,18-25,Other,Canada,Doctorate,427,66.88,37.88,28557.76,12382.999999999996,43.36
301,Digital Forensics Guide,John Smith,36-45,Other,Canada,Graduate,185,77.61,21.38,14357.85,10402.550000000001,72.45
302,Malware Analysis Techniques,James Taylor,46-60,Other,India,Graduate,125,65.81,34.94,8226.25,3858.7500000000005,46.91
303,Ethical Hacking Essentials,Robert Wilson,46-60,Other,Canada,Professional,449,71.31,35.27,32018.190000000002,16181.96,50.54
304,Digital Forensics Guide,Lisa Martin,60+,Female,USA,Undergraduate,213,56.18,21.2,11966.34,7450.740000000001,62.26
305,Cybersecurity for Beginners,Daniel Clark,26-35,Other,USA,Professional,495,70.12,28.96,34709.4,20374.2,58.7
306,Ethical Hacking Essentials,John Smith,36-45,Female,UK,Professional,330,67.07,12.86,22133.1,17889.3,80.83
307,Advanced Penetration Testing,Michael Brown,60+,Female,USA,Student,40,42.62,13.11,1704.8,1180.3999999999999,69.24
308,Digital Forensics Guide,Daniel Clark,36-45,Female,Australia,Professional,397,53.12,11.46,21088.64,16539.02,78.43
309,Zero Trust Architecture,Michael Brown,26-35,Male,Canada,Doctorate,122,68.29,27.43,8331.380000000001,4984.920000000001,59.83
310,Ethical Hacking Essentials,Lisa Martin,46-60,Female,USA,Doctorate,374,22.76,22.78,8512.24,-7.4799999999998406,-0.09
311,Cybersecurity for Beginners,David Lee,18-25,Female,India,Student,443,68.48,26.44,30336.640000000003,18623.72,61.39
312,Network Security Fundamentals,Daniel Clark,46-60,Male,UK,Undergraduate,334,30.67,25.63,10243.78,1683.3600000000008,16.43
313,SOC Analyst Playbook,Sarah Johnson,60+,Male,Canada,Undergraduate,423,50.88,20.51,21522.24,12846.51,59.69
314,Cryptography and Encryption,Michael Brown,18-25,Male,UK,Professional,385,68.5,30.32,26372.5,14699.3,55.74
315,Cloud Security Handbook,Robert Wilson,60+,Other,Canada,Professional,353,35.23,32.76,12436.189999999999,871.9099999999996,7.01
316,Cryptography and Encryption,Sarah Johnson,26-35,Male,India,Professional,452,34.75,10.44,15707.0,10988.12,69.96
317,Cybersecurity for Beginners,Laura White,18-25,Male,UK,Undergraduate,76,44.17,16.22,3356.92,2124.2000000000003,63.28
318,Malware Analysis Techniques,Laura White,60+,Female,Germany,Graduate,84,73.68,31.4,6189.120000000001,3551.520000000001,57.38
319,Malware Analysis Techniques,John Smith,26-35,Male,Australia,Doctorate,54,20.03,21.6,1081.6200000000001,-84.78000000000002,-7.84
320,Network Security Fundamentals,David Lee,46-60,Other,Australia,Graduate,269,74.08,29.87,19927.52,11892.489999999998,59.68
321,Cloud Security Handbook,Lisa Martin,26-35,Male,Canada,Graduate,163,29.23,20.41,4764.49,1437.66,30.17
322,Zero Trust Architecture,Daniel Clark,36-45,Other,Germany,Undergraduate,164,79.41,21.72,13023.24,9461.16,72.65
323,Network Security Fundamentals,Emily Davis,26-35,Male,UK,Graduate,439,77.29,14.76,33930.310000000005,27450.670000000002,80.9
324,Cryptography and Encryption,Robert Wilson,26-35,Male,Germany,Student,372,49.68,17.75,18480.96,11877.96,64.27
325,Network Security Fundamentals,Michael Brown,36-45,Male,Germany,Professional,457,50.76,28.16,23197.32,10328.199999999999,44.52
326,Cryptography and Encryption,Lisa Martin,60+,Male,UK,Student,484,48.89,22.99,23662.760000000002,12535.6,52.98
327,Ethical Hacking Essentials,Sarah Johnson,60+,Other,India,Doctorate,243,58.13,33.23,14125.59,6050.700000000002,42.84
328,Malware Analysis Techniques,Laura White,26-35,Other,Germany,Professional,60,25.44,35.58,1526.4,-608.3999999999999,-39.86
329,Ethical Hacking Essentials,Robert Wilson,36-45,Female,Germany,Graduate,315,21.96,26.25,6917.400000000001,-1351.3499999999997,-19.54
330,SOC Analyst Playbook,Emily Davis,36-45,Other,India,Doctorate,271,23.46,32.75,6357.66,-2517.5899999999997,-39.6
331,Cloud Security Handbook,Daniel Clark,46-60,Male,Germany,Professional,324,46.66,19.21,15117.839999999998,8893.8,58.83
332,Zero Trust Architecture,John Smith,60+,Female,Germany,Graduate,134,36.53,22.45,4895.02,1886.7200000000003,38.54
333,Cryptography and Encryption,Emily Davis,18-25,Female,Germany,Student,408,57.32,31.38,23386.56,10583.52,45.25
334,Zero Trust Architecture,Robert Wilson,60+,Female,Australia,Professional,254,79.55,21.59,20205.7,14721.839999999998,72.86
335,Cryptography and Encryption,Emily Davis,60+,Male,USA,Graduate,39,43.18,27.66,1684.02,605.28,35.94
336,Cybersecurity for Beginners,Robert Wilson,46-60,Other,India,Student,435,54.43,15.56,23677.05,16908.449999999997,71.41
337,Network Security Fundamentals,Robert Wilson,18-25,Male,Germany,Doctorate,494,44.94,27.99,22200.36,8373.3,37.72
338,SOC Analyst Playbook,James Taylor,46-60,Female,Australia,Doctorate,131,70.84,35.85,9280.04,4583.6900000000005,49.39
339,Malware Analysis Techniques,Michael Brown,18-25,Male,India,Doctorate,134,74.13,36.06,9933.42,5101.379999999999,51.36
340,Cryptography and Encryption,Laura White,26-35,Male,Canada,Doctorate,46,72.64,31.73,3341.44,1881.86,56.32
341,Zero Trust Architecture,James Taylor,18-25,Other,Canada,Undergraduate,179,78.46,32.37,14044.339999999998,8250.109999999999,58.74
342,SOC Analyst Playbook,Daniel Clark,46-60,Other,Germany,Professional,133,21.65,26.74,2879.45,-676.97,-23.51
343,Advanced Penetration Testing,James Taylor,60+,Female,Australia,Professional,366,70.39,27.54,25762.74,15683.1,60.88
344,Advanced Penetration Testing,David Lee,18-25,Male,Australia,Undergraduate,44,65.11,14.01,2864.84,2248.4,78.48
345,Ethical Hacking Essentials,David Lee,18-25,Male,India,Graduate,96,33.72,23.32,3237.12,998.3999999999999,30.84
346,Malware Analysis Techniques,Laura White,36-45,Other,India,Graduate,143,77.38,23.52,11065.34,7701.98,69.6
347,Cybersecurity for Beginners,Emily Davis,60+,Male,Australia,Doctorate,205,28.89,38.75,5922.45,-2021.3,-34.13
348,Zero Trust Architecture,Michael Brown,26-35,Male,India,Student,283,60.77,22.93,17197.91,10708.720000000001,62.27
349,Network Security Fundamentals,Laura White,46-60,Male,Australia,Graduate,210,33.49,26.48,7032.900000000001,1472.1000000000004,20.93
350,Network Security Fundamentals,Robert Wilson,26-35,Other,USA,Student,378,45.88,26.0,17342.64,7514.640000000001,43.33
351,Zero Trust Architecture,Sarah Johnson,60+,Female,Australia,Professional,294,63.15,29.1,18566.1,10010.699999999999,53.92
352,Cloud Security Handbook,Michael Brown,18-25,Female,Canada,Student,86,53.8,32.45,4626.8,1836.0999999999995,39.68
353,Cybersecurity for Beginners,Michael Brown,18-25,Male,India,Professional,68,45.65,16.75,3104.2,1965.1999999999998,63.31
354,SOC Analyst Playbook,Robert Wilson,60+,Female,Australia,Undergraduate,440,39.58,25.86,17415.2,6036.799999999999,34.66
355,Cryptography and Encryption,Robert Wilson,18-25,Other,Australia,Undergraduate,135,70.38,34.78,9501.3,4805.999999999999,50.58
356,Cloud Security Handbook,John Smith,18-25,Other,India,Doctorate,410,28.63,23.89,11738.3,1943.3999999999994,16.56
357,Cryptography and Encryption,Laura White,18-25,Female,USA,Graduate,118,45.81,18.35,5405.58,3240.28,59.94
358,Cryptography and Encryption,Robert Wilson,46-60,Female,USA,Doctorate,233,74.23,29.64,17295.59,10389.470000000001,60.07
359,Cloud Security Handbook,David Lee,46-60,Male,India,Professional,287,70.75,34.71,20305.25,10343.48,50.94
360,Ethical Hacking Essentials,Daniel Clark,36-45,Female,UK,Doctorate,77,44.06,11.89,3392.6200000000003,2477.09,73.01
361,Advanced Penetration Testing,Sarah Johnson,26-35,Male,India,Student,78,65.79,33.3,5131.620000000001,2534.2200000000007,49.38
362,Cryptography and Encryption,Laura White,60+,Male,India,Professional,174,69.39,34.65,12073.86,6044.76,50.06
363,Cloud Security Handbook,Lisa Martin,60+,Other,USA,Undergraduate,498,73.33,23.85,36518.34,24641.039999999997,67.48
364,Cloud Security Handbook,David Lee,60+,Other,USA,Graduate,314,52.67,39.5,16538.38,4135.38,25.0
365,Digital Forensics Guide,Emily Davis,36-45,Other,India,Professional,406,32.27,33.6,13101.62,-539.9799999999993,-4.12
366,Ethical Hacking Essentials,Robert Wilson,46-60,Other,India,Professional,171,35.32,33.21,6039.72,360.8099999999999,5.97
367,Malware Analysis Techniques,Lisa Martin,36-45,Female,India,Student,374,37.74,32.44,14114.76,1982.2000000000016,14.04
368,Digital Forensics Guide,Robert Wilson,60+,Other,USA,Graduate,351,55.63,14.52,19526.13,14429.61,73.9
369,Digital Forensics Guide,Michael Brown,26-35,Female,India,Undergraduate,318,21.97,16.52,6986.46,1733.0999999999997,24.81
370,Zero Trust Architecture,David Lee,18-25,Other,India,Professional,388,58.16,23.92,22566.079999999998,13285.119999999997,58.87
371,Advanced Penetration Testing,Michael Brown,46-60,Female,Germany,Professional,352,41.86,17.92,14734.72,8426.88,57.19
372,Cloud Security Handbook,John Smith,46-60,Male,UK,Student,444,37.71,22.46,16743.24,6771.0,40.44
373,Advanced Penetration Testing,Michael Brown,36-45,Female,Canada,Doctorate,396,72.77,36.65,28816.92,14303.519999999999,49.64
374,Cybersecurity for Beginners,John Smith,46-60,Female,UK,Undergraduate,51,47.6,34.73,2427.6,656.3700000000002,27.04
375,Zero Trust Architecture,John Smith,60+,Other,Germany,Graduate,363,25.7,28.9,9329.1,-1161.5999999999997,-12.45
376,Malware Analysis Techniques,Lisa Martin,60+,Female,Canada,Professional,425,69.6,35.74,29579.999999999996,14390.499999999996,48.65
377,Advanced Penetration Testing,Robert Wilson,36-45,Male,India,Professional,118,22.86,33.51,2697.48,-1256.6999999999998,-46.59
378,Network Security Fundamentals,Emily Davis,60+,Male,Germany,Undergraduate,60,63.6,22.87,3816.0,2443.8,64.04
379,Cryptography and Encryption,Michael Brown,26-35,Other,India,Doctorate,259,66.43,16.03,17205.370000000003,13053.600000000002,75.87
380,Cybersecurity for Beginners,David Lee,36-45,Male,USA,Professional,350,41.16,25.43,14405.999999999998,5505.499999999999,38.22
381,Ethical Hacking Essentials,John Smith,26-35,Female,Australia,Undergraduate,439,69.49,32.09,30506.109999999997,16418.599999999995,53.82
382,Malware Analysis Techniques,Robert Wilson,18-25,Male,Germany,Student,392,50.94,23.09,19968.48,10917.199999999999,54.67
383,Cybersecurity for Beginners,Sarah Johnson,26-35,Other,USA,Doctorate,30,47.8,30.0,1434.0,533.9999999999999,37.24
384,Cryptography and Encryption,Laura White,18-25,Female,Germany,Graduate,309,22.72,12.83,7020.48,3056.0099999999998,43.53
385,Zero Trust Architecture,Lisa Martin,18-25,Other,Germany,Professional,148,37.4,32.44,5535.2,734.0800000000002,13.26
386,Cryptography and Encryption,Emily Davis,26-35,Female,USA,Undergraduate,368,75.86,34.38,27916.48,15264.64,54.68
387,Digital Forensics Guide,James Taylor,36-45,Male,Canada,Student,333,43.51,31.21,14488.83,4095.899999999999,28.27
388,Cryptography and Encryption,Lisa Martin,60+,Other,UK,Graduate,394,52.8,39.02,20803.199999999997,5429.319999999998,26.1
389,Digital Forensics Guide,Sarah Johnson,60+,Other,India,Undergraduate,101,51.92,34.8,5243.92,1729.1200000000003,32.97
390,Zero Trust Architecture,Laura White,18-25,Female,Germany,Undergraduate,456,55.43,37.09,25276.079999999998,8363.039999999999,33.09
391,SOC Analyst Playbook,Sarah Johnson,18-25,Other,India,Graduate,289,23.68,38.01,6843.5199999999995,-4141.37,-60.52
392,Digital Forensics Guide,Michael Brown,36-45,Female,Australia,Student,134,41.73,34.04,5591.82,1030.4599999999996,18.43
393,Ethical Hacking Essentials,John Smith,46-60,Female,USA,Student,492,63.39,30.23,31187.88,16314.719999999998,52.31
394,Cryptography and Encryption,Emily Davis,26-35,Female,India,Doctorate,406,32.03,10.17,13004.18,8875.16,68.25
395,Cryptography and Encryption,Daniel Clark,18-25,Female,USA,Professional,120,32.21,23.97,3865.2000000000003,988.8000000000002,25.58
396,Ethical Hacking Essentials,John Smith,60+,Male,India,Graduate,363,20.61,27.13,7481.429999999999,-2366.7599999999998,-31.64
397,Network Security Fundamentals,Daniel Clark,36-45,Female,UK,Graduate,148,46.25,19.12,6845.0,4015.24,58.66
398,Cloud Security Handbook,Laura White,26-35,Other,UK,Graduate,493,72.96,19.54,35969.28,26336.059999999998,73.22
399,SOC Analyst Playbook,Robert Wilson,36-45,Male,UK,Student,444,23.11,38.83,10260.84,-6979.679999999999,-68.02
400,Malware Analysis Techniques,James Taylor,26-35,Other,UK,Professional,282,31.47,36.75,8874.539999999999,-1488.9600000000003,-16.78
401,Digital Forensics Guide,David Lee,26-35,Male,UK,Doctorate,108,38.61,35.48,4169.88,338.0400000000003,8.11
402,Ethical Hacking Essentials,John Smith,18-25,Female,UK,Undergraduate,261,63.9,22.18,16677.899999999998,10888.92,65.29
403,Zero Trust Architecture,Emily Davis,36-45,Male,USA,Undergraduate,347,58.44,10.41,20278.68,16666.41,82.19
404,Digital Forensics Guide,Sarah Johnson,36-45,Male,Germany,Graduate,113,44.96,12.41,5080.4800000000005,3678.1499999999996,72.4
405,Cloud Security Handbook,Emily Davis,60+,Other,India,Professional,223,65.54,19.37,14615.420000000002,10295.91,70.45
406,Zero Trust Architecture,Laura White,60+,Other,UK,Student,258,56.58,10.47,14597.64,11896.38,81.5
407,Cybersecurity for Beginners,Daniel Clark,18-25,Female,USA,Professional,161,73.76,10.51,11875.36,10183.250000000002,85.75
408,Cryptography and Encryption,Sarah Johnson,18-25,Male,USA,Professional,259,69.08,37.5,17891.72,8179.219999999999,45.72
409,Cybersecurity for Beginners,David Lee,46-60,Male,USA,Student,284,35.17,31.18,9988.28,1133.1600000000005,11.34
410,Digital Forensics Guide,David Lee,60+,Male,Germany,Graduate,174,36.29,19.27,6314.46,2961.48,46.9
411,Cloud Security Handbook,John Smith,26-35,Female,India,Professional,496,27.52,13.98,13649.92,6715.839999999999,49.2
412,SOC Analyst Playbook,Laura White,36-45,Female,Germany,Undergraduate,350,40.22,25.35,14077.0,5204.499999999999,36.97
413,Digital Forensics Guide,Robert Wilson,18-25,Female,Canada,Student,17,79.97,10.16,1359.49,1186.77,87.3
414,Ethical Hacking Essentials,Laura White,36-45,Female,USA,Doctorate,293,44.35,38.15,12994.550000000001,1816.6000000000008,13.98
415,Advanced Penetration Testing,Daniel Clark,36-45,Female,Canada,Graduate,14,33.23,22.44,465.21999999999997,151.05999999999995,32.47
416,Digital Forensics Guide,Emily Davis,46-60,Other,Australia,Student,154,65.75,22.07,10125.5,6726.72,66.43
417,Cryptography and Encryption,David Lee,60+,Male,UK,Doctorate,110,52.55,21.72,5780.5,3391.2999999999997,58.67
418,Cryptography and Encryption,Emily Davis,18-25,Male,UK,Doctorate,173,28.98,12.08,5013.54,2923.7,58.32
419,Digital Forensics Guide,Emily Davis,36-45,Male,Germany,Professional,383,42.84,29.15,16407.72,5243.270000000002,31.96
420,Zero Trust Architecture,Emily Davis,18-25,Male,India,Professional,156,44.87,31.99,6999.719999999999,2009.2799999999997,28.71
421,Advanced Penetration Testing,David Lee,26-35,Male,Canada,Professional,73,65.23,30.28,4761.79,2551.3500000000004,53.58
422,Ethical Hacking Essentials,Lisa Martin,46-60,Male,India,Student,100,21.24,14.15,2124.0,708.9999999999998,33.38
423,Digital Forensics Guide,Michael Brown,26-35,Male,Germany,Student,126,36.14,27.37,4553.64,1105.02,24.27
424,Zero Trust Architecture,Daniel Clark,18-25,Male,UK,Graduate,363,51.06,27.08,18534.780000000002,8704.740000000002,46.96
425,Cryptography and Encryption,Lisa Martin,18-25,Other,India,Professional,276,36.13,36.05,9971.880000000001,22.08000000000149,0.22
426,Cryptography and Encryption,Daniel Clark,60+,Male,India,Doctorate,319,57.71,21.37,18409.49,11592.460000000001,62.97
427,Cloud Security Handbook,Sarah Johnson,36-45,Other,UK,Undergraduate,182,48.91,21.14,8901.619999999999,5054.139999999999,56.78
428,Digital Forensics Guide,Laura White,36-45,Female,Canada,Graduate,56,41.7,28.56,2335.2000000000003,735.8400000000003,31.51
429,Advanced Penetration Testing,Laura White,26-35,Male,UK,Student,149,76.95,28.99,11465.550000000001,7146.040000000001,62.33
430,Network Security Fundamentals,James Taylor,46-60,Female,India,Graduate,255,57.93,24.08,14772.15,8631.75,58.43
431,Advanced Penetration Testing,Laura White,36-45,Female,Canada,Graduate,158,27.8,23.29,4392.400000000001,712.5800000000003,16.22
432,Cryptography and Encryption,David Lee,60+,Female,Canada,Graduate,255,53.61,24.82,13670.55,7341.45,53.7
433,Cryptography and Encryption,Robert Wilson,26-35,Other,UK,Graduate,404,66.84,35.83,27003.36,12528.040000000003,46.39
434,Cybersecurity for Beginners,John Smith,26-35,Female,India,Undergraduate,496,62.51,23.84,31004.96,19180.32,61.86
435,Cryptography and Encryption,James Taylor,60+,Female,Germany,Professional,485,30.33,38.2,14710.05,-3816.950000000002,-25.95
436,Ethical Hacking Essentials,John Smith,46-60,Female,India,Doctorate,14,78.35,25.12,1096.8999999999999,745.2199999999998,67.94
437,Malware Analysis Techniques,Daniel Clark,60+,Male,USA,Graduate,474,46.93,38.48,22244.82,4005.3000000000015,18.01
438,Digital Forensics Guide,John Smith,46-60,Male,Australia,Graduate,193,29.54,34.98,5701.22,-1049.9199999999996,-18.42
439,Advanced Penetration Testing,John Smith,60+,Other,Germany,Graduate,29,30.81,20.87,893.49,288.25999999999993,32.26
440,Malware Analysis Techniques,James Taylor,60+,Other,Canada,Professional,434,25.89,35.91,11236.26,-4348.6799999999985,-38.7
441,Zero Trust Architecture,Sarah Johnson,18-25,Male,Germany,Student,55,68.21,13.3,3751.5499999999997,3020.0499999999997,80.5
442,Network Security Fundamentals,Emily Davis,26-35,Other,Canada,Student,21,27.32,37.75,573.72,-219.03,-38.18
443,Ethical Hacking Essentials,Laura White,60+,Male,Canada,Undergraduate,79,27.51,28.95,2173.29,-113.75999999999982,-5.23
444,Advanced Penetration Testing,Laura White,60+,Female,Germany,Student,26,71.03,11.63,1846.78,1544.3999999999999,83.63
445,Malware Analysis Techniques,David Lee,36-45,Female,Canada,Graduate,380,40.68,29.33,15458.4,4313.000000000001,27.9
446,Network Security Fundamentals,James Taylor,26-35,Other,Canada,Graduate,156,21.85,39.23,3408.6000000000004,-2711.2799999999993,-79.54
447,Cybersecurity for Beginners,David Lee,36-45,Male,USA,Graduate,163,23.11,12.09,3766.93,1796.26,47.68
448,Ethical Hacking Essentials,Robert Wilson,26-35,Male,India,Undergraduate,313,28.53,26.64,8929.890000000001,591.5700000000002,6.62
449,Ethical Hacking Essentials,Robert Wilson,36-45,Other,India,Graduate,117,32.8,32.43,3837.5999999999995,43.2899999999997,1.13
450,Cybersecurity for Beginners,David Lee,60+,Male,Australia,Student,245,59.91,34.31,14677.949999999999,6271.999999999998,42.73
451,Digital Forensics Guide,James Taylor,60+,Female,Australia,Professional,317,29.44,22.41,9332.48,2228.51,23.88
452,Cybersecurity for Beginners,David Lee,18-25,Other,USA,Professional,361,27.13,16.12,9793.93,3974.609999999999,40.58
453,Ethical Hacking Essentials,Laura White,36-45,Other,Australia,Doctorate,79,65.88,11.27,5204.5199999999995,4314.19,82.89
454,Ethical Hacking Essentials,Lisa Martin,46-60,Male,Germany,Student,192,60.26,27.39,11569.92,6311.039999999999,54.55
455,Malware Analysis Techniques,Michael Brown,18-25,Other,UK,Graduate,259,46.12,23.59,11945.08,5835.2699999999995,48.85
456,Cryptography and Encryption,John Smith,36-45,Male,UK,Professional,237,52.96,38.46,12551.52,3436.5,27.38
457,Network Security Fundamentals,Michael Brown,36-45,Male,UK,Student,111,38.72,11.82,4297.92,2985.8999999999996,69.47
458,Cybersecurity for Beginners,James Taylor,18-25,Male,USA,Professional,84,48.95,30.56,4111.8,1544.7600000000004,37.57
459,Network Security Fundamentals,Michael Brown,60+,Male,USA,Graduate,426,50.4,10.75,21470.399999999998,16890.899999999998,78.67
460,Cybersecurity for Beginners,Robert Wilson,36-45,Male,Canada,Professional,455,43.23,15.14,19669.649999999998,12780.949999999999,64.98
461,Zero Trust Architecture,Daniel Clark,60+,Other,UK,Doctorate,225,74.39,23.61,16737.75,11425.5,68.26
462,Ethical Hacking Essentials,John Smith,18-25,Female,Germany,Doctorate,416,20.96,23.65,8719.36,-1119.039999999999,-12.83
463,Cryptography and Encryption,Emily Davis,60+,Female,Australia,Professional,408,66.93,30.57,27307.440000000002,14834.880000000003,54.33
464,Malware Analysis Techniques,James Taylor,26-35,Other,Germany,Student,420,27.46,37.31,11533.2,-4137.000000000001,-35.87
465,Cryptography and Encryption,John Smith,46-60,Other,Australia,Student,212,67.85,29.17,14384.199999999999,8200.159999999998,57.01
466,Cryptography and Encryption,Michael Brown,36-45,Female,UK,Student,201,56.95,38.61,11446.95,3686.3400000000006,32.2
467,Cryptography and Encryption,Robert Wilson,46-60,Female,UK,Professional,258,70.6,36.45,18214.8,8810.699999999997,48.37
468,Network Security Fundamentals,Sarah Johnson,60+,Female,UK,Student,251,25.85,27.53,6488.35,-421.67999999999995,-6.5
469,Cybersecurity for Beginners,Lisa Martin,36-45,Female,USA,Graduate,474,53.54,35.01,25377.96,8783.220000000001,34.61
470,SOC Analyst Playbook,Emily Davis,60+,Female,Australia,Doctorate,188,50.07,29.28,9413.16,3908.52,41.52
471,Zero Trust Architecture,Lisa Martin,26-35,Male,USA,Graduate,446,62.37,12.36,27817.02,22304.46,80.18
472,Advanced Penetration Testing,John Smith,18-25,Other,USA,Student,471,52.06,32.22,24520.260000000002,9344.640000000001,38.11
473,Cryptography and Encryption,Robert Wilson,36-45,Male,India,Graduate,228,52.44,12.85,11956.32,9026.519999999999,75.5
474,Digital Forensics Guide,Robert Wilson,26-35,Female,Germany,Student,91,45.78,27.82,4165.9800000000005,1634.3600000000001,39.23
475,Network Security Fundamentals,Michael Brown,26-35,Female,Germany,Professional,101,38.53,31.08,3891.53,752.4500000000003,19.34
476,Malware Analysis Techniques,Laura White,36-45,Female,Canada,Graduate,444,48.94,12.0,21729.36,16401.36,75.48
477,Advanced Penetration Testing,Michael Brown,60+,Male,USA,Professional,184,27.11,16.92,4988.24,1874.9599999999996,37.59
478,SOC Analyst Playbook,Laura White,26-35,Male,Australia,Professional,248,77.69,37.47,19267.12,9974.56,51.77
479,Digital Forensics Guide,Laura White,46-60,Female,India,Undergraduate,269,62.86,28.49,16909.34,9245.53,54.68
480,SOC Analyst Playbook,Emily Davis,26-35,Male,India,Student,400,77.15,17.39,30860.000000000004,23904.000000000004,77.46
481,Advanced Penetration Testing,Michael Brown,60+,Male,Germany,Doctorate,374,33.6,30.72,12566.4,1077.120000000001,8.57
482,Cryptography and Encryption,Sarah Johnson,60+,Female,USA,Student,172,72.76,27.9,12514.720000000001,7715.920000000001,61.65
483,Digital Forensics Guide,David Lee,46-60,Male,Canada,Doctorate,57,68.53,25.05,3906.21,2478.36,63.45
484,SOC Analyst Playbook,David Lee,26-35,Other,USA,Student,338,60.63,39.29,20492.940000000002,7212.920000000001,35.2
485,Malware Analysis Techniques,Michael Brown,60+,Other,UK,Professional,337,57.5,30.5,19377.5,9099.0,46.96
486,Cybersecurity for Beginners,Michael Brown,36-45,Other,USA,Graduate,125,38.99,21.26,4873.75,2216.25,45.47
487,Ethical Hacking Essentials,Lisa Martin,18-25,Other,UK,Graduate,438,68.98,34.0,30213.24,15321.240000000002,50.71
488,Cybersecurity for Beginners,Emily Davis,18-25,Female,UK,Undergraduate,346,50.09,36.54,17331.14,4688.300000000001,27.05
489,Advanced Penetration Testing,Michael Brown,18-25,Female,Canada,Doctorate,346,24.25,13.76,8390.5,3629.54,43.26
490,Network Security Fundamentals,Lisa Martin,26-35,Female,Australia,Doctorate,378,38.77,16.02,14655.060000000001,8599.500000000002,58.68
491,Ethical Hacking Essentials,Laura White,46-60,Other,Germany,Doctorate,234,76.12,16.49,17812.08,13953.420000000002,78.34
492,Zero Trust Architecture,Robert Wilson,60+,Other,USA,Professional,361,71.04,30.74,25645.440000000002,14548.300000000005,56.73
493,Malware Analysis Techniques,Robert Wilson,36-45,Male,UK,Doctorate,337,78.91,28.09,26592.67,17126.339999999997,64.4
494,Zero Trust Architecture,Laura White,36-45,Male,USA,Graduate,156,57.68,28.57,8998.08,4541.16,50.47
495,Digital Forensics Guide,James Taylor,26-35,Other,Australia,Professional,72,34.85,38.22,2509.2000000000003,-242.63999999999982,-9.67
496,Ethical Hacking Essentials,Lisa Martin,18-25,Other,Germany,Student,303,29.77,33.28,9020.31,-1063.5300000000004,-11.79
497,Zero Trust Architecture,Lisa Martin,26-35,Other,Australia,Doctorate,332,31.21,13.84,10361.720000000001,5766.84,55.66
498,Zero Trust Architecture,Laura White,46-60,Other,Germany,Doctorate,452,21.19,20.43,9577.880000000001,343.5200000000007,3.59
499,SOC Analyst Playbook,Sarah Johnson,46-60,Male,India,Student,334,43.44,23.06,14508.96,6806.92,46.92
500,Cybersecurity for Beginners,Daniel Clark,60+,Other,Germany,Doctorate,22,31.49,21.88,692.78,211.42,30.52
