Book_ID,Title,Author,Price,Cost,Units_Sold,Revenue,Total_Cost,Profit,Profit_Margin_%,Marketing_Spend,Gender,Age_Group,Region,Income_Level,Format
1,The Last Dragon Scribe,Aelric Moonshadow,14.36,9.77,3872,55601.92,37829.44,17772.48,31.96,6170.08,Non-binary,35-44,USA,Low,Paperback
2,The Last Dragon Scribe,Lucian Darkwater,16.15,5.49,3544,57235.6,19456.56,37779.04,66.01,6210.59,Male,55+,Australia,Low,Paperback
3,Whispers of the Iron Forest,Elowen Frost,22.7,7.0,869,19726.3,6083.0,13643.3,69.16,7358.99,Male,55+,Germany,Low,Ebook
4,The Cursed Ember Crown,Lucian Darkwater,28.46,8.55,1284,36542.64,10978.2,25564.44,69.96,3390.3,Female,25-34,Australia,High,Hardcover
5,The Forgotten Rune,Thorin Blackthorn,18.12,8.57,574,10400.88,4919.18,5481.7,52.7,6312.6,Non-binary,45-54,Canada,Medium,Paperback
6,The Cursed Ember Crown,Seraphina Dusk,8.49,3.54,1075,9126.75,3805.5,5321.25,58.3,2711.33,Male,18-24,Australia,Low,Hardcover
7,The Obsidian Gatekeeper,Rowan Ashbinder,7.27,3.98,1999,14532.73,7956.02,6576.71,45.25,5385.23,Female,18-24,France,Medium,Ebook
8,The Last Dragon Scribe,Kael Stormborn,19.81,6.31,3990,79041.9,25176.9,53865.0,68.15,6962.92,Male,55+,Canada,High,Ebook
9,The Obsidian Gatekeeper,Rowan Ashbinder,16.26,4.96,700,11382.0,3472.0,7910.0,69.5,9673.5,Male,18-24,UK,High,Paperback
10,Chronicles of the Ashen Throne,Lyra Nightwind,25.21,10.63,2712,68369.52,28828.56,39540.96,57.83,2693.49,Male,18-24,Australia,Medium,Hardcover
11,The Obsidian Gatekeeper,Thorin Blackthorn,11.03,6.32,2656,29295.68,16785.92,12509.76,42.7,8415.35,Female,35-44,USA,High,Hardcover
12,Whispers of the Iron Forest,Rowan Ashbinder,9.33,4.26,1685,15721.05,7178.1,8542.95,54.34,6793.96,Non-binary,25-34,Germany,High,Paperback
13,Empire of Hollow Gods,Isolde Ravencrest,12.79,6.5,3943,50430.97,25629.5,24801.47,49.18,2256.12,Female,35-44,France,High,Ebook
14,Oracle of the Broken Star,Seraphina Dusk,29.24,17.84,261,7631.64,4656.24,2975.4,38.99,4253.93,Male,25-34,UK,Medium,Hardcover
15,The Silent Mage of Eldoria,Lyra Nightwind,28.17,16.65,3442,96961.14,57309.3,39651.84,40.89,1340.68,Male,55+,France,Medium,Paperback
16,The Wandering Alchemist,Kael Stormborn,9.9,3.15,437,4326.3,1376.55,2949.75,68.18,5627.08,Non-binary,45-54,USA,Medium,Paperback
17,Oracle of the Broken Star,Lucian Darkwater,19.67,13.5,479,9421.93,6466.5,2955.43,31.37,3121.99,Non-binary,35-44,France,High,Hardcover
18,Realm of Crimson Magic,Kael Stormborn,12.41,4.54,2668,33109.88,12112.72,20997.16,63.42,7836.33,Female,25-34,USA,High,Hardcover
19,Whispers of the Iron Forest,Aelric Moonshadow,9.97,3.01,491,4895.27,1477.91,3417.36,69.81,7425.57,Male,25-34,France,Low,Ebook
20,The Necromancer's Garden,Rowan Ashbinder,24.28,8.0,2378,57737.84,19024.0,38713.84,67.05,6685.23,Male,45-54,Australia,High,Hardcover
21,Echoes of the Forgotten Realm,Darius Grimveil,27.87,17.84,4975,138653.25,88754.0,49899.25,35.99,3643.53,Non-binary,18-24,France,High,Paperback
22,The Void King's Apprentice,Darius Grimveil,6.59,2.8,904,5957.36,2531.2,3426.16,57.51,7431.26,Non-binary,35-44,UK,Medium,Hardcover
23,Empire of Hollow Gods,Isolde Ravencrest,20.94,13.71,2790,58422.6,38250.9,20171.7,34.53,7727.46,Male,35-44,Germany,Low,Ebook
24,The Last Dragon Scribe,Darius Grimveil,19.03,11.58,970,18459.1,11232.6,7226.5,39.15,884.12,Non-binary,55+,Germany,Low,Paperback
25,The Obsidian Gatekeeper,Thorin Blackthorn,22.77,7.84,1584,36067.68,12418.56,23649.12,65.57,2416.33,Non-binary,55+,UK,High,Hardcover
26,The Wandering Alchemist,Aelric Moonshadow,27.39,13.43,4291,117530.49,57628.13,59902.36,50.97,7107.4,Male,35-44,Canada,Low,Paperback
27,Oracle of the Broken Star,Rowan Ashbinder,8.48,4.59,1778,15077.44,8161.02,6916.42,45.87,7677.74,Male,18-24,France,Medium,Paperback
28,The Void King's Apprentice,Thorin Blackthorn,10.72,3.55,1822,19531.84,6468.1,13063.74,66.88,7100.46,Male,45-54,Germany,Low,Hardcover
29,Echoes of the Forgotten Realm,Rowan Ashbinder,27.01,14.85,1697,45835.97,25200.45,20635.52,45.02,6517.34,Female,25-34,Germany,High,Ebook
30,The Cursed Ember Crown,Darius Grimveil,26.79,16.65,3727,99846.33,62054.55,37791.78,37.85,4456.84,Female,35-44,Australia,High,Hardcover
31,The Last Dragon Scribe,Elowen Frost,27.08,11.64,2138,57897.04,24886.32,33010.72,57.02,9012.87,Male,18-24,Canada,Low,Ebook
32,The Void King's Apprentice,Elowen Frost,12.95,4.46,1406,18207.7,6270.76,11936.94,65.56,4557.52,Non-binary,25-34,UK,Low,Ebook
33,Shadow of the Crystal Keep,Elowen Frost,25.45,16.4,809,20589.05,13267.6,7321.45,35.56,5352.1,Male,18-24,Canada,Low,Ebook
34,Oracle of the Broken Star,Darius Grimveil,15.44,6.0,4879,75331.76,29274.0,46057.76,61.14,2819.19,Non-binary,45-54,USA,High,Paperback
35,Realm of Crimson Magic,Rowan Ashbinder,9.21,3.57,1595,14689.95,5694.15,8995.8,61.24,7178.68,Female,25-34,Australia,Medium,Paperback
36,The Last Dragon Scribe,Lyra Nightwind,14.09,9.7,4759,67054.31,46162.3,20892.01,31.16,2845.32,Non-binary,45-54,Canada,Medium,Hardcover
37,The Frozen Realm Awakens,Aelric Moonshadow,22.41,13.11,1736,38903.76,22758.96,16144.8,41.5,3205.98,Non-binary,18-24,UK,Medium,Ebook
38,The Phantom Spellbinder,Lyra Nightwind,5.92,3.22,4837,28635.04,15575.14,13059.9,45.61,4404.85,Male,25-34,USA,High,Hardcover
39,Moonblade Prophecy,Kael Stormborn,5.83,2.55,3574,20836.42,9113.7,11722.72,56.26,6966.7,Male,35-44,Australia,Low,Paperback
40,The Frozen Realm Awakens,Lucian Darkwater,18.27,8.75,1833,33488.91,16038.75,17450.16,52.11,2799.53,Male,18-24,France,High,Paperback
41,Whispers of the Iron Forest,Elowen Frost,21.8,13.18,4318,94132.4,56911.24,37221.16,39.54,2800.52,Male,45-54,Australia,Medium,Paperback
42,Sword of Eternal Twilight,Aelric Moonshadow,25.08,12.24,297,7448.76,3635.28,3813.48,51.2,4288.83,Male,45-54,UK,Medium,Hardcover
43,The Frozen Realm Awakens,Darius Grimveil,25.41,15.74,3372,85682.52,53075.28,32607.24,38.06,3547.41,Female,55+,France,High,Hardcover
44,Moonblade Prophecy,Elowen Frost,9.66,3.06,759,7331.94,2322.54,5009.4,68.32,3596.61,Female,25-34,UK,High,Ebook
45,The Void King's Apprentice,Aelric Moonshadow,10.51,6.14,246,2585.46,1510.44,1075.02,41.58,3812.33,Non-binary,35-44,UK,Low,Ebook
46,The Wandering Alchemist,Lucian Darkwater,7.4,5.0,2059,15236.6,10295.0,4941.6,32.43,4173.99,Non-binary,25-34,UK,High,Paperback
47,Empire of Hollow Gods,Lyra Nightwind,28.42,10.09,4161,118255.62,41984.49,76271.13,64.5,7109.95,Non-binary,18-24,France,Low,Hardcover
48,The Last Dragon Scribe,Rowan Ashbinder,10.71,3.96,723,7743.33,2863.08,4880.25,63.03,5774.41,Male,55+,Germany,Low,Ebook
49,Whispers of the Iron Forest,Kael Stormborn,18.24,7.24,3823,69731.52,27678.52,42053.0,60.31,5803.79,Non-binary,55+,Germany,High,Hardcover
50,The Silent Mage of Eldoria,Elowen Frost,27.07,10.16,3270,88518.9,33223.2,55295.7,62.47,7153.4,Non-binary,35-44,USA,Medium,Hardcover
51,Moonblade Prophecy,Darius Grimveil,26.17,16.82,3291,86125.47,55354.62,30770.85,35.73,8933.82,Female,35-44,UK,Low,Hardcover
52,The Lost Kingdom of Nyx,Rowan Ashbinder,26.27,17.71,1545,40587.15,27361.95,13225.2,32.58,6855.39,Male,18-24,Germany,Low,Ebook
53,The Silent Mage of Eldoria,Thorin Blackthorn,19.52,8.76,198,3864.96,1734.48,2130.48,55.12,9749.81,Female,18-24,USA,Medium,Hardcover
54,Empire of Hollow Gods,Isolde Ravencrest,12.1,5.11,3877,46911.7,19811.47,27100.23,57.77,7073.0,Non-binary,35-44,Germany,High,Ebook
55,The Forgotten Rune,Lucian Darkwater,21.3,8.3,260,5538.0,2158.0,3380.0,61.03,671.72,Female,18-24,USA,Medium,Paperback
56,The Last Dragon Scribe,Lucian Darkwater,17.35,6.45,1627,28228.45,10494.15,17734.3,62.82,6671.51,Male,35-44,Canada,High,Paperback
57,The Phantom Spellbinder,Elowen Frost,26.23,14.77,3204,84040.92,47323.08,36717.84,43.69,5654.13,Non-binary,35-44,Germany,Medium,Hardcover
58,Shadow of the Crystal Keep,Lyra Nightwind,17.72,9.83,1145,20289.4,11255.35,9034.05,44.53,2817.9,Non-binary,45-54,Canada,Low,Paperback
59,The Phantom Spellbinder,Thorin Blackthorn,29.33,13.41,2585,75818.05,34664.85,41153.2,54.28,9107.94,Non-binary,35-44,USA,High,Hardcover
60,The Void King's Apprentice,Kael Stormborn,15.86,6.98,1059,16795.74,7391.82,9403.92,55.99,8709.59,Non-binary,18-24,UK,Low,Ebook
61,Moonblade Prophecy,Lucian Darkwater,10.75,5.37,4742,50976.5,25464.54,25511.96,50.05,7801.26,Male,35-44,Germany,High,Paperback
62,The Necromancer's Garden,Thorin Blackthorn,6.09,4.25,2305,14037.45,9796.25,4241.2,30.21,9562.32,Male,35-44,Canada,Low,Hardcover
63,The Cursed Ember Crown,Elowen Frost,27.87,12.49,1160,32329.2,14488.4,17840.8,55.18,9319.03,Non-binary,18-24,Canada,High,Hardcover
64,The Lost Kingdom of Nyx,Thorin Blackthorn,15.7,10.78,3270,51339.0,35250.6,16088.4,31.34,9813.15,Male,25-34,USA,Medium,Paperback
65,Empire of Hollow Gods,Seraphina Dusk,6.88,2.91,3075,21156.0,8948.25,12207.75,57.7,8585.8,Female,25-34,Canada,Low,Ebook
66,The Last Dragon Scribe,Kael Stormborn,12.92,4.75,1916,24754.72,9101.0,15653.72,63.24,4249.57,Male,45-54,USA,Low,Hardcover
67,The Obsidian Gatekeeper,Darius Grimveil,26.11,17.55,2833,73969.63,49719.15,24250.48,32.78,1423.18,Male,25-34,UK,High,Paperback
68,Sword of Eternal Twilight,Seraphina Dusk,20.38,14.18,3109,63361.42,44085.62,19275.8,30.42,2914.55,Female,18-24,Canada,Medium,Ebook
69,Echoes of the Forgotten Realm,Kael Stormborn,12.38,5.31,3275,40544.5,17390.25,23154.25,57.11,7121.65,Non-binary,55+,Canada,Low,Paperback
70,The Silent Mage of Eldoria,Thorin Blackthorn,22.56,10.01,2906,65559.36,29089.06,36470.3,55.63,4487.92,Non-binary,35-44,UK,Low,Ebook
71,The Necromancer's Garden,Seraphina Dusk,11.41,6.21,3050,34800.5,18940.5,15860.0,45.57,5264.4,Non-binary,35-44,Australia,High,Ebook
72,The Last Dragon Scribe,Kael Stormborn,24.96,13.98,4595,114691.2,64238.1,50453.1,43.99,982.3,Non-binary,25-34,Canada,Low,Ebook
73,The Necromancer's Garden,Aelric Moonshadow,27.17,8.45,2874,78086.58,24285.3,53801.28,68.9,6884.25,Non-binary,55+,France,High,Ebook
74,The Cursed Ember Crown,Seraphina Dusk,13.2,4.78,3361,44365.2,16065.58,28299.62,63.79,3222.14,Female,18-24,France,Medium,Ebook
75,The Phantom Spellbinder,Lyra Nightwind,19.77,6.17,1815,35882.55,11198.55,24684.0,68.79,868.93,Non-binary,35-44,Germany,Medium,Ebook
76,The Necromancer's Garden,Seraphina Dusk,12.58,6.48,2760,34720.8,17884.8,16836.0,48.49,5461.31,Female,35-44,Germany,Low,Paperback
77,The Necromancer's Garden,Kael Stormborn,24.25,9.37,104,2522.0,974.48,1547.52,61.36,4844.02,Non-binary,25-34,Germany,High,Hardcover
78,Sword of Eternal Twilight,Lucian Darkwater,26.05,9.84,4242,110504.1,41741.28,68762.82,62.23,7145.37,Male,35-44,Canada,Low,Hardcover
79,Realm of Crimson Magic,Rowan Ashbinder,8.46,2.99,4565,38619.9,13649.35,24970.55,64.66,5404.85,Non-binary,35-44,Australia,Medium,Hardcover
80,The Cursed Ember Crown,Lucian Darkwater,13.07,8.08,930,12155.1,7514.4,4640.7,38.18,4618.45,Female,25-34,France,Low,Hardcover
81,Echoes of the Forgotten Realm,Rowan Ashbinder,23.6,9.45,216,5097.6,2041.2,3056.4,59.96,1268.29,Female,18-24,USA,High,Hardcover
82,Oracle of the Broken Star,Elowen Frost,15.71,9.04,1764,27712.44,15946.56,11765.88,42.46,2146.3,Male,18-24,UK,Low,Hardcover
83,The Lost Kingdom of Nyx,Lyra Nightwind,8.91,3.56,659,5871.69,2346.04,3525.65,60.04,2237.23,Female,45-54,France,High,Paperback
84,Sword of Eternal Twilight,Isolde Ravencrest,28.37,15.75,4170,118302.9,65677.5,52625.4,44.48,6742.56,Female,25-34,USA,High,Ebook
85,The Forgotten Rune,Lyra Nightwind,15.89,9.41,3247,51594.83,30554.27,21040.56,40.78,5877.35,Female,25-34,USA,High,Ebook
86,The Frozen Realm Awakens,Aelric Moonshadow,8.97,3.12,3456,31000.32,10782.72,20217.6,65.22,1602.69,Non-binary,25-34,UK,Medium,Paperback
87,The Frozen Realm Awakens,Lucian Darkwater,6.15,1.95,3159,19427.85,6160.05,13267.8,68.29,2165.64,Non-binary,55+,Canada,Medium,Ebook
88,Echoes of the Forgotten Realm,Kael Stormborn,5.43,3.29,4746,25770.78,15614.34,10156.44,39.41,3789.89,Non-binary,45-54,USA,High,Hardcover
89,The Frozen Realm Awakens,Darius Grimveil,16.62,9.31,2949,49012.38,27455.19,21557.19,43.98,2978.49,Male,35-44,Germany,Medium,Ebook
90,Oracle of the Broken Star,Darius Grimveil,5.38,3.62,1731,9312.78,6266.22,3046.56,32.71,8636.65,Female,18-24,France,Medium,Paperback
91,The Silent Mage of Eldoria,Seraphina Dusk,21.47,7.84,2939,63100.33,23041.76,40058.57,63.48,9466.97,Female,55+,UK,Low,Paperback
92,Oracle of the Broken Star,Kael Stormborn,28.61,18.51,3646,104312.06,67487.46,36824.6,35.3,8109.02,Non-binary,25-34,France,Low,Paperback
93,The Necromancer's Garden,Kael Stormborn,21.93,11.61,1668,36579.24,19365.48,17213.76,47.06,4853.4,Female,55+,Australia,Medium,Paperback
94,The Cursed Ember Crown,Kael Stormborn,18.64,12.61,4013,74802.32,50603.93,24198.39,32.35,2463.5,Female,55+,France,Low,Ebook
95,Sword of Eternal Twilight,Isolde Ravencrest,11.85,4.57,3473,41155.05,15871.61,25283.44,61.43,673.11,Male,35-44,Canada,Medium,Hardcover
96,The Void King's Apprentice,Lucian Darkwater,7.36,4.22,2996,22050.56,12643.12,9407.44,42.66,6729.37,Non-binary,25-34,Australia,Low,Hardcover
97,The Necromancer's Garden,Isolde Ravencrest,14.63,8.38,3169,46362.47,26556.22,19806.25,42.72,8237.45,Male,45-54,Canada,High,Ebook
98,Sword of Eternal Twilight,Thorin Blackthorn,12.05,4.18,1616,19472.8,6754.88,12717.92,65.31,9398.16,Female,25-34,Germany,High,Paperback
99,Sword of Eternal Twilight,Rowan Ashbinder,5.98,2.79,2908,17389.84,8113.32,9276.52,53.34,5705.73,Non-binary,18-24,UK,High,Hardcover
100,Moonblade Prophecy,Isolde Ravencrest,15.59,8.22,2886,44992.74,23722.92,21269.82,47.27,9909.8,Male,18-24,Canada,Medium,Hardcover
101,The Cursed Ember Crown,Isolde Ravencrest,15.32,6.88,2243,34362.76,15431.84,18930.92,55.09,3737.63,Female,35-44,Australia,Medium,Hardcover
102,The Silent Mage of Eldoria,Lyra Nightwind,28.27,18.19,3540,100075.8,64392.6,35683.2,35.66,6958.53,Female,18-24,France,High,Paperback
103,The Obsidian Gatekeeper,Elowen Frost,23.5,9.29,4052,95222.0,37643.08,57578.92,60.47,5299.9,Non-binary,18-24,France,Low,Paperback
104,Oracle of the Broken Star,Elowen Frost,25.66,10.98,798,20476.68,8762.04,11714.64,57.21,1449.86,Male,55+,USA,Low,Paperback
105,The Wandering Alchemist,Lyra Nightwind,6.34,4.33,4271,27078.14,18493.43,8584.71,31.7,3871.6,Non-binary,25-34,Australia,High,Hardcover
106,The Obsidian Gatekeeper,Thorin Blackthorn,28.92,16.5,3677,106338.84,60670.5,45668.34,42.95,6502.45,Non-binary,55+,France,High,Paperback
107,Empire of Hollow Gods,Darius Grimveil,16.21,6.76,3038,49245.98,20536.88,28709.1,58.3,2520.92,Male,55+,UK,Medium,Ebook
108,Sword of Eternal Twilight,Kael Stormborn,28.65,17.55,1162,33291.3,20393.1,12898.2,38.74,1366.46,Non-binary,25-34,UK,High,Ebook
109,Oracle of the Broken Star,Lyra Nightwind,17.36,5.61,3394,58919.84,19040.34,39879.5,67.68,1030.78,Non-binary,35-44,France,High,Paperback
110,Realm of Crimson Magic,Aelric Moonshadow,23.43,12.15,4946,115884.78,60093.9,55790.88,48.14,1858.42,Female,55+,Australia,High,Hardcover
111,Whispers of the Iron Forest,Lucian Darkwater,24.04,13.16,3424,82312.96,45059.84,37253.12,45.26,8465.57,Non-binary,35-44,UK,Medium,Hardcover
112,The Last Dragon Scribe,Kael Stormborn,15.65,6.09,3093,48405.45,18836.37,29569.08,61.09,8973.02,Female,45-54,France,Low,Hardcover
113,Empire of Hollow Gods,Lucian Darkwater,8.67,4.38,2486,21553.62,10888.68,10664.94,49.48,6022.4,Non-binary,35-44,Germany,High,Hardcover
114,The Frozen Realm Awakens,Kael Stormborn,26.58,17.33,1780,47312.4,30847.4,16465.0,34.8,9498.86,Non-binary,55+,Canada,Medium,Paperback
115,Whispers of the Iron Forest,Darius Grimveil,29.65,17.83,3241,96095.65,57787.03,38308.62,39.87,7227.72,Female,25-34,Australia,High,Ebook
116,Sword of Eternal Twilight,Seraphina Dusk,17.04,7.69,2314,39430.56,17794.66,21635.9,54.87,4530.11,Male,45-54,Canada,Low,Hardcover
117,The Cursed Ember Crown,Seraphina Dusk,27.66,9.53,3622,100184.52,34517.66,65666.86,65.55,2909.98,Female,35-44,Canada,High,Ebook
118,The Silent Mage of Eldoria,Lucian Darkwater,15.13,8.0,555,8397.15,4440.0,3957.15,47.12,1616.5,Male,55+,USA,Low,Paperback
119,The Necromancer's Garden,Isolde Ravencrest,21.23,12.7,2096,44498.08,26619.2,17878.88,40.18,2756.31,Non-binary,25-34,France,Medium,Ebook
120,The Wandering Alchemist,Isolde Ravencrest,15.01,7.37,923,13854.23,6802.51,7051.72,50.9,5519.52,Male,18-24,Canada,Low,Hardcover
121,Oracle of the Broken Star,Darius Grimveil,15.91,9.88,4880,77640.8,48214.4,29426.4,37.9,9713.85,Non-binary,55+,Canada,Medium,Ebook
122,Echoes of the Forgotten Realm,Seraphina Dusk,6.08,3.99,3033,18440.64,12101.67,6338.97,34.38,9284.11,Female,55+,Canada,Medium,Ebook
123,The Frozen Realm Awakens,Darius Grimveil,27.98,11.23,3612,101063.76,40562.76,60501.0,59.86,5469.43,Female,35-44,USA,Low,Ebook
124,The Cursed Ember Crown,Seraphina Dusk,20.73,11.99,3586,74337.78,42996.14,31341.64,42.16,9960.4,Male,55+,France,Low,Paperback
125,The Cursed Ember Crown,Isolde Ravencrest,22.42,10.17,570,12779.4,5796.9,6982.5,54.64,931.74,Female,55+,Germany,High,Hardcover
126,The Last Dragon Scribe,Elowen Frost,12.02,8.18,457,5493.14,3738.26,1754.88,31.95,4828.74,Female,25-34,Canada,Low,Hardcover
127,The Forgotten Rune,Lucian Darkwater,20.5,8.42,4285,87842.5,36079.7,51762.8,58.93,4188.55,Male,35-44,UK,Low,Ebook
128,Chronicles of the Ashen Throne,Thorin Blackthorn,10.73,4.36,4236,45452.28,18468.96,26983.32,59.37,2969.52,Non-binary,45-54,UK,Low,Ebook
129,Chronicles of the Ashen Throne,Isolde Ravencrest,16.33,5.11,2608,42588.64,13326.88,29261.76,68.71,7004.95,Female,45-54,Canada,Low,Paperback
130,The Silent Mage of Eldoria,Isolde Ravencrest,9.07,6.03,3424,31055.68,20646.72,10408.96,33.52,9435.05,Male,18-24,Australia,Medium,Paperback
131,Realm of Crimson Magic,Aelric Moonshadow,15.42,8.21,2044,31518.48,16781.24,14737.24,46.76,4473.31,Male,25-34,Germany,Medium,Paperback
132,Oracle of the Broken Star,Lyra Nightwind,28.32,18.31,1115,31576.8,20415.65,11161.15,35.35,4076.4,Non-binary,45-54,Germany,High,Ebook
133,Oracle of the Broken Star,Lucian Darkwater,25.26,17.55,4258,107557.08,74727.9,32829.18,30.52,4233.4,Female,45-54,Australia,Medium,Ebook
134,The Necromancer's Garden,Darius Grimveil,25.73,13.58,4100,105493.0,55678.0,49815.0,47.22,4952.59,Non-binary,55+,UK,High,Ebook
135,The Last Dragon Scribe,Elowen Frost,15.37,6.29,4713,72438.81,29644.77,42794.04,59.08,7071.29,Non-binary,25-34,Canada,High,Paperback
136,Empire of Hollow Gods,Elowen Frost,18.36,11.02,1560,28641.6,17191.2,11450.4,39.98,6058.92,Male,55+,UK,Low,Paperback
137,The Necromancer's Garden,Isolde Ravencrest,23.15,13.96,4278,99035.7,59720.88,39314.82,39.7,2849.81,Non-binary,55+,Australia,Medium,Paperback
138,Oracle of the Broken Star,Darius Grimveil,16.26,5.72,4246,69039.96,24287.12,44752.84,64.82,3109.95,Non-binary,35-44,France,Medium,Paperback
139,Oracle of the Broken Star,Darius Grimveil,10.18,6.63,4683,47672.94,31048.29,16624.65,34.87,6372.22,Non-binary,55+,France,Low,Hardcover
140,The Last Dragon Scribe,Lucian Darkwater,13.95,4.82,349,4868.55,1682.18,3186.37,65.45,5442.92,Male,25-34,Canada,Low,Paperback
141,Shadow of the Crystal Keep,Thorin Blackthorn,24.31,12.35,4463,108495.53,55118.05,53377.48,49.2,8255.66,Female,55+,France,High,Hardcover
142,The Frozen Realm Awakens,Lyra Nightwind,29.2,9.79,4958,144773.6,48538.82,96234.78,66.47,4333.09,Female,35-44,France,Medium,Hardcover
143,Echoes of the Forgotten Realm,Lucian Darkwater,8.35,2.6,3378,28206.3,8782.8,19423.5,68.86,7954.35,Female,45-54,UK,High,Paperback
144,The Necromancer's Garden,Seraphina Dusk,20.98,13.05,2250,47205.0,29362.5,17842.5,37.8,1795.53,Non-binary,35-44,UK,Low,Paperback
145,Realm of Crimson Magic,Rowan Ashbinder,5.36,2.36,1458,7814.88,3440.88,4374.0,55.97,4656.01,Male,35-44,Germany,Low,Paperback
146,The Wandering Alchemist,Lucian Darkwater,27.6,12.12,4361,120363.6,52855.32,67508.28,56.09,4783.65,Non-binary,45-54,Canada,Low,Ebook
147,The Necromancer's Garden,Isolde Ravencrest,27.76,11.64,3277,90969.52,38144.28,52825.24,58.07,8692.46,Male,45-54,Canada,Medium,Hardcover
148,The Phantom Spellbinder,Lyra Nightwind,28.74,10.31,3572,102659.28,36827.32,65831.96,64.13,5175.1,Male,35-44,Australia,High,Hardcover
149,Chronicles of the Ashen Throne,Kael Stormborn,11.46,5.54,2693,30861.78,14919.22,15942.56,51.66,6397.65,Non-binary,18-24,Australia,Low,Hardcover
150,The Silent Mage of Eldoria,Seraphina Dusk,13.69,5.25,4238,58018.22,22249.5,35768.72,61.65,2781.38,Male,45-54,Germany,Low,Ebook
151,The Void King's Apprentice,Isolde Ravencrest,6.9,2.43,3545,24460.5,8614.35,15846.15,64.78,7127.84,Female,18-24,USA,High,Hardcover
152,The Lost Kingdom of Nyx,Isolde Ravencrest,9.5,5.5,380,3610.0,2090.0,1520.0,42.11,9019.49,Non-binary,45-54,UK,Low,Hardcover
153,The Void King's Apprentice,Thorin Blackthorn,16.85,9.55,2069,34862.65,19758.95,15103.7,43.32,6218.39,Female,45-54,France,Medium,Paperback
154,The Forgotten Rune,Rowan Ashbinder,10.6,6.66,4799,50869.4,31961.34,18908.06,37.17,3802.38,Male,25-34,Canada,High,Paperback
155,The Void King's Apprentice,Kael Stormborn,5.8,3.01,623,3613.4,1875.23,1738.17,48.1,2460.17,Male,25-34,UK,Medium,Paperback
156,Moonblade Prophecy,Isolde Ravencrest,14.11,7.07,2396,33807.56,16939.72,16867.84,49.89,5070.88,Non-binary,35-44,Germany,High,Hardcover
157,The Necromancer's Garden,Isolde Ravencrest,22.19,11.2,4302,95461.38,48182.4,47278.98,49.53,9248.29,Female,25-34,Australia,High,Paperback
158,Sword of Eternal Twilight,Elowen Frost,6.53,2.68,2155,14072.15,5775.4,8296.75,58.96,7608.47,Non-binary,55+,France,Low,Paperback
159,The Silent Mage of Eldoria,Kael Stormborn,9.61,3.69,738,7092.18,2723.22,4368.96,61.6,9278.4,Female,55+,Canada,Low,Hardcover
160,Chronicles of the Ashen Throne,Rowan Ashbinder,10.9,6.58,2225,24252.5,14640.5,9612.0,39.63,4894.08,Non-binary,45-54,USA,Medium,Ebook
161,The Wandering Alchemist,Seraphina Dusk,23.69,7.45,1746,41362.74,13007.7,28355.04,68.55,8522.19,Female,55+,Germany,Medium,Hardcover
162,The Phantom Spellbinder,Elowen Frost,23.74,7.41,3445,81784.3,25527.45,56256.85,68.79,4750.42,Non-binary,25-34,Germany,Medium,Paperback
163,The Necromancer's Garden,Aelric Moonshadow,18.32,7.27,4680,85737.6,34023.6,51714.0,60.32,2231.7,Female,45-54,France,Medium,Hardcover
164,Moonblade Prophecy,Isolde Ravencrest,19.1,12.15,225,4297.5,2733.75,1563.75,36.39,1637.74,Male,25-34,Germany,High,Hardcover
165,The Last Dragon Scribe,Isolde Ravencrest,27.26,14.65,1703,46423.78,24948.95,21474.83,46.26,3873.49,Male,55+,Australia,Low,Ebook
166,Moonblade Prophecy,Kael Stormborn,21.22,10.44,4306,91373.32,44954.64,46418.68,50.8,7499.81,Non-binary,25-34,UK,Medium,Hardcover
167,The Phantom Spellbinder,Rowan Ashbinder,18.94,10.13,2572,48713.68,26054.36,22659.32,46.52,3705.74,Non-binary,45-54,France,Low,Hardcover
168,The Void King's Apprentice,Kael Stormborn,27.49,14.93,3614,99348.86,53957.02,45391.84,45.69,3882.92,Female,45-54,Germany,Low,Ebook
169,Whispers of the Iron Forest,Elowen Frost,29.66,16.08,1412,41879.92,22704.96,19174.96,45.79,571.58,Non-binary,35-44,USA,High,Paperback
170,The Necromancer's Garden,Lyra Nightwind,10.63,4.74,2663,28307.69,12622.62,15685.07,55.41,8582.77,Non-binary,18-24,Australia,Low,Ebook
171,Chronicles of the Ashen Throne,Aelric Moonshadow,7.2,4.48,3835,27612.0,17180.8,10431.2,37.78,9019.27,Male,35-44,UK,Medium,Hardcover
172,The Obsidian Gatekeeper,Kael Stormborn,7.01,3.57,1163,8152.63,4151.91,4000.72,49.07,7121.13,Male,25-34,Germany,Medium,Ebook
173,Empire of Hollow Gods,Thorin Blackthorn,29.93,19.71,567,16970.31,11175.57,5794.74,34.15,9709.97,Male,18-24,Germany,Medium,Ebook
174,Oracle of the Broken Star,Isolde Ravencrest,26.64,16.7,3028,80665.92,50567.6,30098.32,37.31,5162.11,Non-binary,25-34,USA,Medium,Ebook
175,The Silent Mage of Eldoria,Isolde Ravencrest,23.07,14.5,4389,101254.23,63640.5,37613.73,37.15,5789.25,Female,18-24,Australia,Medium,Ebook
176,The Void King's Apprentice,Thorin Blackthorn,19.29,7.95,1241,23938.89,9865.95,14072.94,58.79,7254.05,Male,45-54,Canada,High,Hardcover
177,The Necromancer's Garden,Darius Grimveil,9.99,5.94,4754,47492.46,28238.76,19253.7,40.54,7218.69,Female,35-44,USA,Medium,Hardcover
178,The Last Dragon Scribe,Elowen Frost,24.19,8.1,2017,48791.23,16337.7,32453.53,66.52,1966.45,Female,55+,Canada,High,Hardcover
179,Chronicles of the Ashen Throne,Aelric Moonshadow,17.03,8.74,3844,65463.32,33596.56,31866.76,48.68,4007.69,Non-binary,45-54,Canada,Low,Ebook
180,Shadow of the Crystal Keep,Rowan Ashbinder,16.36,8.5,1773,29006.28,15070.5,13935.78,48.04,9904.62,Non-binary,45-54,Canada,Low,Ebook
181,The Obsidian Gatekeeper,Elowen Frost,13.06,8.15,420,5485.2,3423.0,2062.2,37.6,1818.84,Non-binary,25-34,Germany,Medium,Ebook
182,Moonblade Prophecy,Lyra Nightwind,5.07,1.76,3058,15504.06,5382.08,10121.98,65.29,4979.97,Non-binary,18-24,Canada,Medium,Paperback
183,Realm of Crimson Magic,Seraphina Dusk,15.3,6.73,1704,26071.2,11467.92,14603.28,56.01,8390.88,Non-binary,25-34,UK,Medium,Hardcover
184,The Necromancer's Garden,Thorin Blackthorn,29.13,10.19,475,13836.75,4840.25,8996.5,65.02,9913.83,Male,25-34,Germany,Medium,Ebook
185,Echoes of the Forgotten Realm,Darius Grimveil,10.13,4.58,2660,26945.8,12182.8,14763.0,54.79,7540.65,Male,35-44,Australia,Medium,Ebook
186,The Phantom Spellbinder,Lyra Nightwind,19.36,12.33,3950,76472.0,48703.5,27768.5,36.31,8055.04,Female,18-24,USA,Low,Ebook
187,Sword of Eternal Twilight,Lucian Darkwater,10.04,3.67,4920,49396.8,18056.4,31340.4,63.45,2270.85,Female,18-24,Australia,Low,Hardcover
188,The Void King's Apprentice,Lyra Nightwind,10.89,6.03,2721,29631.69,16407.63,13224.06,44.63,3908.89,Female,35-44,France,High,Ebook
189,The Silent Mage of Eldoria,Rowan Ashbinder,26.93,12.31,2443,65789.99,30073.33,35716.66,54.29,4793.51,Female,35-44,UK,High,Paperback
190,The Wandering Alchemist,Aelric Moonshadow,22.84,15.07,4770,108946.8,71883.9,37062.9,34.02,5275.84,Non-binary,55+,Canada,High,Paperback
191,Whispers of the Iron Forest,Isolde Ravencrest,10.81,7.13,4698,50785.38,33496.74,17288.64,34.04,5552.65,Non-binary,35-44,France,Medium,Paperback
192,Moonblade Prophecy,Aelric Moonshadow,6.67,2.61,3210,21410.7,8378.1,13032.6,60.87,1610.53,Male,35-44,Australia,Low,Paperback
193,Oracle of the Broken Star,Lucian Darkwater,28.5,15.71,2135,60847.5,33540.85,27306.65,44.88,7543.88,Male,45-54,Australia,Medium,Ebook
194,The Void King's Apprentice,Kael Stormborn,19.33,13.51,1220,23582.6,16482.2,7100.4,30.11,7216.31,Non-binary,25-34,Australia,High,Paperback
195,The Wandering Alchemist,Rowan Ashbinder,24.46,8.74,2343,57309.78,20477.82,36831.96,64.27,5913.95,Female,35-44,UK,High,Hardcover
196,The Cursed Ember Crown,Isolde Ravencrest,24.06,15.66,3012,72468.72,47167.92,25300.8,34.91,1477.7,Female,25-34,Canada,Low,Ebook
197,The Obsidian Gatekeeper,Lucian Darkwater,18.41,8.31,3328,61268.48,27655.68,33612.8,54.86,5628.68,Non-binary,35-44,UK,Medium,Hardcover
198,The Cursed Ember Crown,Lyra Nightwind,17.16,7.96,3856,66168.96,30693.76,35475.2,53.61,7340.35,Female,18-24,France,Low,Ebook
199,The Lost Kingdom of Nyx,Aelric Moonshadow,21.03,12.15,893,18779.79,10849.95,7929.84,42.23,2892.09,Male,35-44,USA,Low,Ebook
200,The Cursed Ember Crown,Lyra Nightwind,13.64,5.08,3019,41179.16,15336.52,25842.64,62.76,6042.22,Non-binary,25-34,Germany,Low,Paperback
201,The Phantom Spellbinder,Thorin Blackthorn,15.02,7.28,2449,36783.98,17828.72,18955.26,51.53,6342.03,Non-binary,18-24,Canada,Low,Paperback
202,The Void King's Apprentice,Darius Grimveil,27.8,9.89,3381,93991.8,33438.09,60553.71,64.42,6308.82,Male,18-24,France,Low,Paperback
203,The Forgotten Rune,Seraphina Dusk,5.45,3.54,3631,19788.95,12853.74,6935.21,35.05,1471.02,Male,55+,Canada,Low,Paperback
204,The Silent Mage of Eldoria,Aelric Moonshadow,27.97,17.23,3976,111208.72,68506.48,42702.24,38.4,7218.77,Male,45-54,Germany,Low,Ebook
205,Whispers of the Iron Forest,Isolde Ravencrest,8.81,4.67,3549,31266.69,16573.83,14692.86,46.99,1154.75,Female,35-44,Germany,High,Paperback
206,The Frozen Realm Awakens,Lucian Darkwater,6.93,2.37,3468,24033.24,8219.16,15814.08,65.8,9292.9,Male,55+,UK,High,Ebook
207,Echoes of the Forgotten Realm,Darius Grimveil,16.27,5.62,3576,58181.52,20097.12,38084.4,65.46,2072.44,Female,18-24,UK,Medium,Hardcover
208,The Necromancer's Garden,Lyra Nightwind,9.66,6.13,3172,30641.52,19444.36,11197.16,36.54,8764.02,Female,45-54,UK,Low,Hardcover
209,The Lost Kingdom of Nyx,Thorin Blackthorn,17.97,9.64,2808,50459.76,27069.12,23390.64,46.36,4103.4,Male,25-34,Canada,High,Ebook
210,Realm of Crimson Magic,Lucian Darkwater,23.61,9.02,4312,101806.32,38894.24,62912.08,61.8,6235.35,Non-binary,35-44,Australia,High,Ebook
211,Chronicles of the Ashen Throne,Isolde Ravencrest,7.86,3.66,1725,13558.5,6313.5,7245.0,53.44,9238.63,Non-binary,55+,Australia,Low,Ebook
212,The Last Dragon Scribe,Lucian Darkwater,13.66,5.99,517,7062.22,3096.83,3965.39,56.15,9225.32,Non-binary,25-34,Australia,Medium,Paperback
213,The Necromancer's Garden,Seraphina Dusk,19.68,6.16,4958,97573.44,30541.28,67032.16,68.7,1838.14,Female,45-54,Australia,High,Paperback
214,The Phantom Spellbinder,Kael Stormborn,9.41,4.7,4905,46156.05,23053.5,23102.55,50.05,821.85,Female,35-44,Canada,Low,Ebook
215,The Wandering Alchemist,Lyra Nightwind,12.79,7.83,4857,62121.03,38030.31,24090.72,38.78,2590.92,Male,18-24,UK,Medium,Paperback
216,The Obsidian Gatekeeper,Thorin Blackthorn,10.32,5.22,3532,36450.24,18437.04,18013.2,49.42,1912.3,Non-binary,18-24,Germany,High,Ebook
217,The Phantom Spellbinder,Lyra Nightwind,15.37,5.14,1824,28034.88,9375.36,18659.52,66.56,2252.4,Female,35-44,France,Medium,Ebook
218,Shadow of the Crystal Keep,Darius Grimveil,12.49,5.3,1089,13601.61,5771.7,7829.91,57.57,7624.62,Non-binary,35-44,Canada,Low,Ebook
219,Echoes of the Forgotten Realm,Elowen Frost,10.25,6.76,2179,22334.75,14730.04,7604.71,34.05,4948.2,Male,45-54,USA,Low,Hardcover
220,The Void King's Apprentice,Seraphina Dusk,20.62,9.3,3595,74128.9,33433.5,40695.4,54.9,6080.81,Male,35-44,Germany,Low,Hardcover
221,The Void King's Apprentice,Rowan Ashbinder,12.35,7.23,3157,38988.95,22825.11,16163.84,41.46,5481.71,Non-binary,55+,UK,High,Ebook
222,The Silent Mage of Eldoria,Aelric Moonshadow,16.02,7.37,1046,16756.92,7709.02,9047.9,54.0,1974.78,Male,35-44,France,Medium,Hardcover
223,The Obsidian Gatekeeper,Aelric Moonshadow,9.55,6.16,4995,47702.25,30769.2,16933.05,35.5,3086.87,Male,25-34,Germany,High,Hardcover
224,Whispers of the Iron Forest,Thorin Blackthorn,27.44,14.01,4164,114260.16,58337.64,55922.52,48.94,741.17,Non-binary,18-24,UK,High,Ebook
225,The Cursed Ember Crown,Kael Stormborn,8.9,5.22,3179,28293.1,16594.38,11698.72,41.35,757.41,Female,45-54,Canada,Low,Hardcover
226,Chronicles of the Ashen Throne,Seraphina Dusk,10.55,4.14,2590,27324.5,10722.6,16601.9,60.76,5302.32,Non-binary,55+,UK,Low,Paperback
227,Empire of Hollow Gods,Rowan Ashbinder,19.88,8.66,3400,67592.0,29444.0,38148.0,56.44,2196.17,Male,18-24,Canada,Medium,Ebook
228,The Necromancer's Garden,Isolde Ravencrest,21.32,8.43,2243,47820.76,18908.49,28912.27,60.46,9892.92,Non-binary,45-54,Australia,Medium,Paperback
229,Echoes of the Forgotten Realm,Lyra Nightwind,20.08,12.5,4083,81986.64,51037.5,30949.14,37.75,4273.24,Female,45-54,UK,Medium,Ebook
230,Realm of Crimson Magic,Isolde Ravencrest,21.7,8.29,922,20007.4,7643.38,12364.02,61.8,9015.19,Non-binary,35-44,UK,Low,Hardcover
231,The Lost Kingdom of Nyx,Aelric Moonshadow,5.33,1.78,2298,12248.34,4090.44,8157.9,66.6,8557.22,Male,25-34,Canada,Low,Paperback
232,The Silent Mage of Eldoria,Darius Grimveil,8.07,5.25,1408,11362.56,7392.0,3970.56,34.94,4503.53,Female,18-24,UK,Medium,Ebook
233,The Necromancer's Garden,Thorin Blackthorn,27.32,17.13,3694,100920.08,63278.22,37641.86,37.3,2964.52,Male,45-54,Germany,High,Paperback
234,Echoes of the Forgotten Realm,Lucian Darkwater,14.49,7.77,4591,66523.59,35672.07,30851.52,46.38,8391.22,Non-binary,35-44,UK,Medium,Ebook
235,Shadow of the Crystal Keep,Kael Stormborn,13.63,8.31,3677,50117.51,30555.87,19561.64,39.03,7754.26,Male,45-54,UK,Medium,Ebook
236,The Necromancer's Garden,Rowan Ashbinder,8.5,5.5,2779,23621.5,15284.5,8337.0,35.29,9860.99,Female,45-54,Canada,Low,Hardcover
237,The Forgotten Rune,Seraphina Dusk,16.78,6.26,4053,68009.34,25371.78,42637.56,62.69,713.46,Male,55+,Australia,High,Hardcover
238,Whispers of the Iron Forest,Kael Stormborn,11.72,6.06,336,3937.92,2036.16,1901.76,48.29,4324.23,Male,25-34,Australia,High,Hardcover
239,Echoes of the Forgotten Realm,Lyra Nightwind,10.45,5.83,2641,27598.45,15397.03,12201.42,44.21,9851.82,Female,35-44,France,Medium,Paperback
240,The Phantom Spellbinder,Thorin Blackthorn,18.14,6.69,3898,70709.72,26077.62,44632.1,63.12,6990.25,Male,55+,France,Low,Ebook
241,Echoes of the Forgotten Realm,Elowen Frost,25.56,13.08,2189,55950.84,28632.12,27318.72,48.83,5976.91,Female,35-44,France,High,Paperback
242,Oracle of the Broken Star,Lyra Nightwind,11.85,6.18,4783,56678.55,29558.94,27119.61,47.85,2461.0,Male,35-44,USA,Low,Ebook
243,Moonblade Prophecy,Lyra Nightwind,5.27,1.87,745,3926.15,1393.15,2533.0,64.52,7455.75,Male,45-54,Australia,High,Ebook
244,The Frozen Realm Awakens,Rowan Ashbinder,11.27,6.24,554,6243.58,3456.96,2786.62,44.63,5946.3,Non-binary,55+,Canada,High,Hardcover
245,Moonblade Prophecy,Isolde Ravencrest,25.95,11.98,4897,127077.15,58666.06,68411.09,53.83,5429.72,Male,45-54,Australia,High,Hardcover
246,The Silent Mage of Eldoria,Rowan Ashbinder,6.17,2.26,1486,9168.62,3358.36,5810.26,63.37,2251.52,Male,35-44,Germany,Low,Hardcover
247,The Frozen Realm Awakens,Isolde Ravencrest,7.26,4.42,4224,30666.24,18670.08,11996.16,39.12,4198.31,Male,18-24,Canada,Medium,Paperback
248,Whispers of the Iron Forest,Rowan Ashbinder,12.22,5.4,1236,15103.92,6674.4,8429.52,55.81,7354.56,Non-binary,55+,Australia,Medium,Ebook
249,The Void King's Apprentice,Aelric Moonshadow,20.26,13.77,4250,86105.0,58522.5,27582.5,32.03,6804.88,Female,55+,France,Low,Hardcover
250,The Lost Kingdom of Nyx,Isolde Ravencrest,28.42,16.85,1885,53571.7,31762.25,21809.45,40.71,796.24,Non-binary,25-34,UK,Medium,Paperback
251,The Phantom Spellbinder,Lyra Nightwind,11.56,6.22,4020,46471.2,25004.4,21466.8,46.19,5215.48,Non-binary,25-34,UK,Low,Ebook
252,The Frozen Realm Awakens,Isolde Ravencrest,19.92,8.64,253,5039.76,2185.92,2853.84,56.63,5005.25,Non-binary,55+,Germany,Low,Hardcover
253,The Obsidian Gatekeeper,Darius Grimveil,13.61,6.0,1340,18237.4,8040.0,10197.4,55.91,7196.79,Female,45-54,Canada,High,Ebook
254,Shadow of the Crystal Keep,Seraphina Dusk,19.96,9.66,4326,86346.96,41789.16,44557.8,51.6,1238.77,Male,35-44,UK,High,Ebook
255,Sword of Eternal Twilight,Darius Grimveil,5.06,3.48,4297,21742.82,14953.56,6789.26,31.23,6107.19,Female,55+,USA,Medium,Paperback
256,Realm of Crimson Magic,Thorin Blackthorn,14.02,4.72,4190,58743.8,19776.8,38967.0,66.33,9639.94,Female,35-44,France,High,Ebook
257,Sword of Eternal Twilight,Thorin Blackthorn,24.75,14.26,4207,104123.25,59991.82,44131.43,42.38,5648.06,Non-binary,18-24,Canada,High,Hardcover
258,The Phantom Spellbinder,Thorin Blackthorn,26.82,15.9,2808,75310.56,44647.2,30663.36,40.72,7710.84,Non-binary,55+,UK,High,Ebook
259,The Necromancer's Garden,Lucian Darkwater,23.1,12.82,3826,88380.6,49049.32,39331.28,44.5,7085.16,Female,18-24,Canada,Medium,Paperback
260,The Cursed Ember Crown,Seraphina Dusk,6.29,3.57,3459,21757.11,12348.63,9408.48,43.24,7202.96,Female,25-34,USA,Low,Paperback
261,Whispers of the Iron Forest,Darius Grimveil,28.13,10.47,3257,91619.41,34100.79,57518.62,62.78,9197.14,Male,55+,Germany,High,Ebook
262,Shadow of the Crystal Keep,Seraphina Dusk,5.85,3.39,4332,25342.2,14685.48,10656.72,42.05,2329.69,Non-binary,25-34,Germany,Medium,Paperback
263,Empire of Hollow Gods,Thorin Blackthorn,7.88,3.69,1600,12608.0,5904.0,6704.0,53.17,5005.04,Non-binary,55+,USA,High,Hardcover
264,Shadow of the Crystal Keep,Kael Stormborn,26.55,16.93,4597,122050.35,77827.21,44223.14,36.23,5463.13,Female,25-34,Australia,High,Hardcover
265,The Frozen Realm Awakens,Elowen Frost,21.11,11.82,3323,70148.53,39277.86,30870.67,44.01,2685.08,Non-binary,25-34,Canada,Medium,Paperback
266,The Obsidian Gatekeeper,Rowan Ashbinder,8.01,2.65,3083,24694.83,8169.95,16524.88,66.92,4689.81,Female,45-54,Canada,Medium,Ebook
267,Echoes of the Forgotten Realm,Kael Stormborn,15.11,7.99,4059,61331.49,32431.41,28900.08,47.12,5625.17,Male,25-34,Germany,Low,Hardcover
268,Shadow of the Crystal Keep,Isolde Ravencrest,24.77,10.59,2869,71065.13,30382.71,40682.42,57.25,5441.6,Female,55+,UK,High,Ebook
269,The Last Dragon Scribe,Darius Grimveil,15.67,10.2,3621,56741.07,36934.2,19806.87,34.91,731.81,Male,25-34,Canada,Medium,Ebook
270,Moonblade Prophecy,Kael Stormborn,26.75,8.25,4954,132519.5,40870.5,91649.0,69.16,2261.99,Male,25-34,Australia,Medium,Paperback
271,The Necromancer's Garden,Aelric Moonshadow,14.6,9.83,913,13329.8,8974.79,4355.01,32.67,3831.76,Female,55+,Canada,Low,Hardcover
272,Whispers of the Iron Forest,Seraphina Dusk,24.18,11.14,344,8317.92,3832.16,4485.76,53.93,5057.92,Male,18-24,Canada,Low,Ebook
273,The Phantom Spellbinder,Thorin Blackthorn,19.52,7.98,2524,49268.48,20141.52,29126.96,59.12,7798.6,Male,18-24,Canada,Medium,Ebook
274,Moonblade Prophecy,Isolde Ravencrest,15.44,7.23,4584,70776.96,33142.32,37634.64,53.17,7456.58,Female,55+,UK,Low,Paperback
275,The Silent Mage of Eldoria,Elowen Frost,5.08,2.47,475,2413.0,1173.25,1239.75,51.38,3228.77,Male,55+,France,High,Ebook
276,The Necromancer's Garden,Lyra Nightwind,12.41,4.88,531,6589.71,2591.28,3998.43,60.68,669.8,Female,25-34,Canada,Low,Paperback
277,Oracle of the Broken Star,Kael Stormborn,29.69,13.99,1063,31560.47,14871.37,16689.1,52.88,2573.41,Non-binary,55+,Australia,Low,Paperback
278,The Wandering Alchemist,Rowan Ashbinder,28.75,17.67,1038,29842.5,18341.46,11501.04,38.54,6091.27,Non-binary,18-24,France,High,Ebook
279,Oracle of the Broken Star,Thorin Blackthorn,29.56,19.32,3515,103903.4,67909.8,35993.6,34.64,4940.31,Female,45-54,UK,High,Hardcover
280,Oracle of the Broken Star,Rowan Ashbinder,20.34,7.46,4967,101028.78,37053.82,63974.96,63.32,2700.88,Female,25-34,France,High,Paperback
281,Echoes of the Forgotten Realm,Seraphina Dusk,28.57,16.0,984,28112.88,15744.0,12368.88,44.0,8391.1,Male,55+,Germany,High,Ebook
282,The Void King's Apprentice,Aelric Moonshadow,8.01,2.55,924,7401.24,2356.2,5045.04,68.16,2594.62,Female,45-54,UK,High,Hardcover
283,The Obsidian Gatekeeper,Darius Grimveil,9.66,5.91,3945,38108.7,23314.95,14793.75,38.82,8107.31,Non-binary,18-24,Canada,Low,Hardcover
284,Oracle of the Broken Star,Lyra Nightwind,20.74,8.02,3270,67819.8,26225.4,41594.4,61.33,6174.1,Non-binary,35-44,USA,Low,Hardcover
285,The Void King's Apprentice,Seraphina Dusk,18.13,7.33,2566,46521.58,18808.78,27712.8,59.57,7703.27,Non-binary,25-34,France,Medium,Ebook
286,The Wandering Alchemist,Thorin Blackthorn,22.4,8.1,4355,97552.0,35275.5,62276.5,63.84,4902.12,Male,18-24,France,Medium,Paperback
287,Chronicles of the Ashen Throne,Elowen Frost,20.57,12.32,3260,67058.2,40163.2,26895.0,40.11,6132.93,Male,25-34,UK,Medium,Hardcover
288,Echoes of the Forgotten Realm,Kael Stormborn,19.5,6.56,1740,33930.0,11414.4,22515.6,66.36,4216.11,Non-binary,45-54,Canada,Low,Ebook
289,The Cursed Ember Crown,Darius Grimveil,11.82,5.8,1318,15578.76,7644.4,7934.36,50.93,9578.69,Female,18-24,France,Medium,Hardcover
290,The Last Dragon Scribe,Seraphina Dusk,26.55,16.56,4235,112439.25,70131.6,42307.65,37.63,9350.1,Female,45-54,France,Medium,Hardcover
291,The Phantom Spellbinder,Thorin Blackthorn,23.38,9.65,1074,25110.12,10364.1,14746.02,58.73,548.28,Female,45-54,Canada,High,Hardcover
292,Whispers of the Iron Forest,Kael Stormborn,22.39,7.15,1013,22681.07,7242.95,15438.12,68.07,1269.94,Male,45-54,Germany,Low,Ebook
293,Chronicles of the Ashen Throne,Seraphina Dusk,10.5,6.02,4136,43428.0,24898.72,18529.28,42.67,9919.02,Male,18-24,Canada,High,Hardcover
294,Chronicles of the Ashen Throne,Isolde Ravencrest,6.54,4.27,417,2727.18,1780.59,946.59,34.71,6127.87,Non-binary,45-54,USA,High,Hardcover
295,The Obsidian Gatekeeper,Isolde Ravencrest,25.62,11.25,4030,103248.6,45337.5,57911.1,56.09,8712.68,Male,35-44,Germany,Medium,Hardcover
296,Shadow of the Crystal Keep,Lyra Nightwind,23.35,11.87,2483,57978.05,29473.21,28504.84,49.16,6755.29,Non-binary,45-54,Canada,High,Ebook
297,Empire of Hollow Gods,Aelric Moonshadow,26.26,16.99,1804,47373.04,30649.96,16723.08,35.3,3673.08,Male,55+,France,Medium,Paperback
298,Moonblade Prophecy,Lyra Nightwind,10.97,7.37,4551,49924.47,33540.87,16383.6,32.82,6376.81,Male,35-44,Canada,Medium,Ebook
299,Shadow of the Crystal Keep,Rowan Ashbinder,23.82,8.66,656,15625.92,5680.96,9944.96,63.64,8782.51,Male,45-54,Canada,Medium,Hardcover
300,Whispers of the Iron Forest,Rowan Ashbinder,5.73,3.61,2819,16152.87,10176.59,5976.28,37.0,3683.63,Male,55+,Canada,Medium,Hardcover
301,The Silent Mage of Eldoria,Elowen Frost,23.59,8.59,2503,59045.77,21500.77,37545.0,63.59,5783.73,Male,18-24,France,Low,Hardcover
302,Echoes of the Forgotten Realm,Kael Stormborn,23.92,9.65,2085,49873.2,20120.25,29752.95,59.66,3226.86,Non-binary,18-24,Canada,Medium,Ebook
303,The Frozen Realm Awakens,Elowen Frost,20.42,14.14,2164,44188.88,30598.96,13589.92,30.75,1600.52,Non-binary,35-44,France,Medium,Paperback
304,The Last Dragon Scribe,Thorin Blackthorn,14.42,4.38,4870,70225.4,21330.6,48894.8,69.63,1720.26,Male,45-54,USA,High,Hardcover
305,Whispers of the Iron Forest,Seraphina Dusk,12.08,3.71,1347,16271.76,4997.37,11274.39,69.29,8481.15,Non-binary,35-44,France,Low,Ebook
306,The Void King's Apprentice,Darius Grimveil,14.8,5.5,2184,32323.2,12012.0,20311.2,62.84,1473.84,Female,25-34,France,High,Ebook
307,Empire of Hollow Gods,Seraphina Dusk,28.43,16.35,1365,38806.95,22317.75,16489.2,42.49,9499.33,Non-binary,25-34,UK,Low,Paperback
308,Oracle of the Broken Star,Isolde Ravencrest,9.16,5.57,985,9022.6,5486.45,3536.15,39.19,3785.89,Male,35-44,Germany,High,Hardcover
309,The Frozen Realm Awakens,Lucian Darkwater,20.52,6.53,2453,50335.56,16018.09,34317.47,68.18,9906.41,Male,55+,UK,Low,Hardcover
310,Sword of Eternal Twilight,Isolde Ravencrest,21.9,10.48,862,18877.8,9033.76,9844.04,52.15,1735.82,Non-binary,45-54,Australia,High,Paperback
311,Moonblade Prophecy,Seraphina Dusk,23.96,7.42,1006,24103.76,7464.52,16639.24,69.03,8304.37,Non-binary,18-24,Australia,Medium,Ebook
312,Echoes of the Forgotten Realm,Seraphina Dusk,14.3,8.97,2606,37265.8,23375.82,13889.98,37.27,6991.31,Male,55+,France,High,Paperback
313,Moonblade Prophecy,Kael Stormborn,16.15,6.61,3456,55814.4,22844.16,32970.24,59.07,9470.88,Non-binary,18-24,UK,High,Paperback
314,Chronicles of the Ashen Throne,Thorin Blackthorn,7.55,4.84,3442,25987.1,16659.28,9327.82,35.89,8050.69,Male,35-44,France,Low,Hardcover
315,Echoes of the Forgotten Realm,Darius Grimveil,22.34,8.67,3301,73744.34,28619.67,45124.67,61.19,7841.82,Male,35-44,USA,High,Ebook
316,The Silent Mage of Eldoria,Thorin Blackthorn,10.75,3.79,3878,41688.5,14697.62,26990.88,64.74,9533.2,Non-binary,35-44,Germany,High,Paperback
317,Echoes of the Forgotten Realm,Thorin Blackthorn,8.78,4.15,4216,37016.48,17496.4,19520.08,52.73,9140.48,Non-binary,55+,USA,Low,Ebook
318,The Lost Kingdom of Nyx,Rowan Ashbinder,26.43,18.13,1782,47098.26,32307.66,14790.6,31.4,3105.04,Female,55+,UK,Low,Paperback
319,Shadow of the Crystal Keep,Rowan Ashbinder,29.6,13.73,4063,120264.8,55784.99,64479.81,53.61,7382.02,Female,25-34,Germany,Medium,Ebook
320,The Forgotten Rune,Isolde Ravencrest,23.65,8.99,3156,74639.4,28372.44,46266.96,61.99,6690.83,Non-binary,55+,Canada,High,Hardcover
321,The Wandering Alchemist,Elowen Frost,14.21,9.18,2355,33464.55,21618.9,11845.65,35.4,5660.71,Non-binary,45-54,Canada,Medium,Paperback
322,Shadow of the Crystal Keep,Thorin Blackthorn,8.98,3.43,3776,33908.48,12951.68,20956.8,61.8,7877.67,Female,45-54,Australia,Medium,Paperback
323,The Phantom Spellbinder,Rowan Ashbinder,24.27,15.48,4544,110282.88,70341.12,39941.76,36.22,1746.83,Male,35-44,France,Medium,Ebook
324,The Obsidian Gatekeeper,Kael Stormborn,5.81,3.88,3046,17697.26,11818.48,5878.78,33.22,2261.86,Male,35-44,Germany,High,Paperback
325,The Phantom Spellbinder,Elowen Frost,16.55,4.97,3444,56998.2,17116.68,39881.52,69.97,6269.41,Female,18-24,Canada,Medium,Paperback
326,Moonblade Prophecy,Lyra Nightwind,11.19,5.86,1116,12488.04,6539.76,5948.28,47.63,2027.84,Male,35-44,Australia,High,Hardcover
327,Oracle of the Broken Star,Thorin Blackthorn,21.29,9.16,2533,53927.57,23202.28,30725.29,56.98,8076.81,Female,55+,France,Medium,Paperback
328,Empire of Hollow Gods,Isolde Ravencrest,12.76,6.15,4267,54446.92,26242.05,28204.87,51.8,4913.69,Non-binary,45-54,Australia,Medium,Hardcover
329,The Forgotten Rune,Lyra Nightwind,22.01,10.09,3666,80688.66,36989.94,43698.72,54.16,6200.2,Female,55+,Australia,Low,Paperback
330,Realm of Crimson Magic,Seraphina Dusk,12.29,7.1,2143,26337.47,15215.3,11122.17,42.23,7908.58,Male,18-24,Canada,Medium,Ebook
331,The Wandering Alchemist,Darius Grimveil,5.99,2.95,1676,10039.24,4944.2,5095.04,50.75,2799.43,Non-binary,18-24,UK,Medium,Paperback
332,The Silent Mage of Eldoria,Seraphina Dusk,29.67,10.59,691,20501.97,7317.69,13184.28,64.31,5082.39,Female,35-44,UK,Medium,Paperback
333,Realm of Crimson Magic,Lucian Darkwater,10.26,4.5,1035,10619.1,4657.5,5961.6,56.14,592.82,Male,35-44,Germany,Medium,Paperback
334,Sword of Eternal Twilight,Lucian Darkwater,13.16,6.67,2948,38795.68,19663.16,19132.52,49.32,8884.07,Female,55+,Canada,High,Ebook
335,The Lost Kingdom of Nyx,Lyra Nightwind,7.06,4.45,1017,7180.02,4525.65,2654.37,36.97,3559.9,Male,18-24,Australia,Medium,Hardcover
336,The Void King's Apprentice,Seraphina Dusk,29.44,11.2,2269,66799.36,25412.8,41386.56,61.96,8105.57,Male,25-34,Germany,High,Hardcover
337,Echoes of the Forgotten Realm,Aelric Moonshadow,10.0,3.67,1995,19950.0,7321.65,12628.35,63.3,6546.09,Male,18-24,USA,High,Hardcover
338,The Wandering Alchemist,Lucian Darkwater,22.66,7.08,3244,73509.04,22967.52,50541.52,68.76,993.73,Female,25-34,Germany,High,Paperback
339,The Phantom Spellbinder,Rowan Ashbinder,18.53,10.81,4011,74323.83,43358.91,30964.92,41.66,7283.83,Female,25-34,Australia,High,Ebook
340,Chronicles of the Ashen Throne,Rowan Ashbinder,25.04,10.91,350,8764.0,3818.5,4945.5,56.43,5101.79,Female,55+,Germany,High,Hardcover
341,Realm of Crimson Magic,Darius Grimveil,21.52,11.22,3561,76632.72,39954.42,36678.3,47.86,8264.33,Female,18-24,Canada,Medium,Ebook
342,The Last Dragon Scribe,Kael Stormborn,16.31,9.09,4209,68648.79,38259.81,30388.98,44.27,1275.48,Non-binary,35-44,France,High,Ebook
343,The Forgotten Rune,Rowan Ashbinder,6.51,2.6,3056,19894.56,7945.6,11948.96,60.06,5053.15,Female,35-44,France,High,Ebook
344,Oracle of the Broken Star,Aelric Moonshadow,20.39,8.8,849,17311.11,7471.2,9839.91,56.84,3700.51,Non-binary,45-54,USA,High,Ebook
345,The Lost Kingdom of Nyx,Kael Stormborn,9.55,5.88,4890,46699.5,28753.2,17946.3,38.43,914.79,Male,25-34,UK,High,Ebook
346,The Last Dragon Scribe,Elowen Frost,9.04,2.79,761,6879.44,2123.19,4756.25,69.14,3656.99,Male,45-54,Canada,Medium,Paperback
347,The Necromancer's Garden,Elowen Frost,18.56,9.23,3071,56997.76,28345.33,28652.43,50.27,2395.65,Female,55+,Germany,Medium,Ebook
348,Shadow of the Crystal Keep,Thorin Blackthorn,22.01,7.24,452,9948.52,3272.48,6676.04,67.11,8484.3,Non-binary,25-34,Germany,Medium,Ebook
349,The Wandering Alchemist,Lucian Darkwater,9.35,6.4,2077,19419.95,13292.8,6127.15,31.55,7555.71,Female,35-44,USA,Medium,Ebook
350,The Phantom Spellbinder,Lucian Darkwater,15.64,6.86,1487,23256.68,10200.82,13055.86,56.14,7793.38,Female,35-44,Germany,Medium,Paperback
351,Oracle of the Broken Star,Darius Grimveil,17.62,9.12,4803,84628.86,43803.36,40825.5,48.24,6086.55,Non-binary,35-44,USA,Medium,Hardcover
352,The Cursed Ember Crown,Isolde Ravencrest,5.73,2.63,3911,22410.03,10285.93,12124.1,54.1,8797.52,Female,45-54,Canada,High,Ebook
353,The Silent Mage of Eldoria,Darius Grimveil,27.52,12.9,4109,113079.68,53006.1,60073.58,53.12,9925.27,Male,55+,France,High,Hardcover
354,Sword of Eternal Twilight,Seraphina Dusk,12.1,5.37,3814,46149.4,20481.18,25668.22,55.62,6418.18,Male,35-44,UK,Medium,Ebook
355,Whispers of the Iron Forest,Seraphina Dusk,20.79,12.33,3014,62661.06,37162.62,25498.44,40.69,7872.0,Female,35-44,France,Medium,Paperback
356,The Cursed Ember Crown,Lucian Darkwater,15.13,8.18,3469,52485.97,28376.42,24109.55,45.94,2756.66,Female,55+,France,Medium,Paperback
357,The Last Dragon Scribe,Rowan Ashbinder,29.28,10.9,4105,120194.4,44744.5,75449.9,62.77,5176.64,Non-binary,55+,USA,Low,Paperback
358,Echoes of the Forgotten Realm,Elowen Frost,11.18,7.25,1746,19520.28,12658.5,6861.78,35.15,6132.72,Non-binary,25-34,UK,Low,Hardcover
359,The Phantom Spellbinder,Isolde Ravencrest,19.49,11.01,3914,76283.86,43093.14,33190.72,43.51,2053.48,Male,25-34,UK,High,Paperback
360,The Necromancer's Garden,Isolde Ravencrest,14.78,10.17,2213,32708.14,22506.21,10201.93,31.19,8650.87,Female,25-34,Canada,Medium,Hardcover
361,Shadow of the Crystal Keep,Lyra Nightwind,5.23,2.8,4655,24345.65,13034.0,11311.65,46.46,1743.3,Non-binary,55+,USA,High,Ebook
362,Shadow of the Crystal Keep,Thorin Blackthorn,29.25,14.08,3566,104305.5,50209.28,54096.22,51.86,8895.24,Female,25-34,UK,Medium,Hardcover
363,Empire of Hollow Gods,Darius Grimveil,16.05,6.94,2991,48005.55,20757.54,27248.01,56.76,8374.39,Male,18-24,Canada,High,Ebook
364,The Last Dragon Scribe,Seraphina Dusk,15.77,6.3,2460,38794.2,15498.0,23296.2,60.05,2086.9,Female,45-54,France,High,Ebook
365,The Wandering Alchemist,Thorin Blackthorn,9.19,2.89,2834,26044.46,8190.26,17854.2,68.55,6806.14,Non-binary,45-54,Canada,Low,Paperback
366,The Phantom Spellbinder,Thorin Blackthorn,16.87,10.76,1679,28324.73,18066.04,10258.69,36.22,4740.5,Non-binary,45-54,France,Medium,Ebook
367,Empire of Hollow Gods,Aelric Moonshadow,26.61,13.92,1374,36562.14,19126.08,17436.06,47.69,1563.24,Non-binary,35-44,Canada,High,Ebook
368,The Cursed Ember Crown,Thorin Blackthorn,11.74,3.79,1416,16623.84,5366.64,11257.2,67.72,9397.75,Non-binary,45-54,Australia,High,Hardcover
369,Whispers of the Iron Forest,Kael Stormborn,5.98,2.09,4393,26270.14,9181.37,17088.77,65.05,2210.1,Non-binary,18-24,USA,Low,Hardcover
370,The Phantom Spellbinder,Elowen Frost,7.21,2.46,1329,9582.09,3269.34,6312.75,65.88,7037.97,Male,35-44,Australia,Low,Hardcover
371,The Silent Mage of Eldoria,Seraphina Dusk,14.93,7.34,225,3359.25,1651.5,1707.75,50.84,9542.21,Female,55+,France,High,Paperback
372,The Silent Mage of Eldoria,Seraphina Dusk,20.98,13.58,3349,70262.02,45479.42,24782.6,35.27,3755.21,Non-binary,25-34,UK,High,Paperback
373,The Frozen Realm Awakens,Darius Grimveil,18.31,6.41,4503,82449.93,28864.23,53585.7,64.99,7194.47,Male,45-54,France,High,Ebook
374,Chronicles of the Ashen Throne,Lyra Nightwind,10.05,5.72,2133,21436.65,12200.76,9235.89,43.08,2289.32,Non-binary,35-44,Canada,High,Paperback
375,Oracle of the Broken Star,Thorin Blackthorn,23.27,8.43,4712,109648.24,39722.16,69926.08,63.77,9651.79,Female,25-34,Australia,High,Ebook
376,The Obsidian Gatekeeper,Kael Stormborn,11.38,6.43,2574,29292.12,16550.82,12741.3,43.5,6990.86,Non-binary,55+,Australia,High,Ebook
377,The Cursed Ember Crown,Elowen Frost,17.43,9.54,3819,66565.17,36433.26,30131.91,45.27,8713.78,Non-binary,55+,UK,High,Hardcover
378,Echoes of the Forgotten Realm,Seraphina Dusk,24.21,8.36,4540,109913.4,37954.4,71959.0,65.47,7050.5,Male,55+,UK,Low,Ebook
379,Echoes of the Forgotten Realm,Elowen Frost,21.91,8.46,3224,70637.84,27275.04,43362.8,61.39,6836.23,Non-binary,55+,USA,Low,Hardcover
380,Echoes of the Forgotten Realm,Isolde Ravencrest,19.43,8.54,4133,80304.19,35295.82,45008.37,56.05,9994.43,Male,25-34,France,High,Hardcover
381,Whispers of the Iron Forest,Lucian Darkwater,6.21,4.29,4883,30323.43,20948.07,9375.36,30.92,7648.06,Female,18-24,Australia,Low,Ebook
382,The Necromancer's Garden,Isolde Ravencrest,7.26,3.02,1447,10505.22,4369.94,6135.28,58.4,6679.86,Non-binary,18-24,Germany,Medium,Ebook
383,Chronicles of the Ashen Throne,Aelric Moonshadow,24.13,16.17,4214,101683.82,68140.38,33543.44,32.99,8174.54,Female,35-44,UK,High,Paperback
384,Realm of Crimson Magic,Lyra Nightwind,24.06,14.9,950,22857.0,14155.0,8702.0,38.07,8754.56,Male,45-54,Canada,High,Paperback
385,The Void King's Apprentice,Aelric Moonshadow,14.39,6.03,554,7972.06,3340.62,4631.44,58.1,554.71,Male,45-54,UK,Medium,Hardcover
386,Empire of Hollow Gods,Thorin Blackthorn,13.11,5.85,4906,64317.66,28700.1,35617.56,55.38,5852.67,Non-binary,45-54,Canada,Medium,Hardcover
387,Sword of Eternal Twilight,Kael Stormborn,14.51,7.54,1540,22345.4,11611.6,10733.8,48.04,2756.67,Male,55+,USA,High,Hardcover
388,The Last Dragon Scribe,Thorin Blackthorn,14.33,5.6,3438,49266.54,19252.8,30013.74,60.92,6232.76,Non-binary,45-54,Germany,Low,Ebook
389,Oracle of the Broken Star,Aelric Moonshadow,21.71,11.89,3089,67062.19,36728.21,30333.98,45.23,5254.23,Male,35-44,Australia,High,Ebook
390,The Void King's Apprentice,Kael Stormborn,18.56,12.63,2601,48274.56,32850.63,15423.93,31.95,9185.25,Non-binary,45-54,USA,Low,Hardcover
391,The Obsidian Gatekeeper,Thorin Blackthorn,25.34,8.71,4499,114004.66,39186.29,74818.37,65.63,6011.64,Female,25-34,France,Low,Paperback
392,The Necromancer's Garden,Rowan Ashbinder,18.34,9.96,1043,19128.62,10388.28,8740.34,45.69,5719.44,Male,25-34,USA,Low,Paperback
393,The Lost Kingdom of Nyx,Aelric Moonshadow,23.67,13.88,1104,26131.68,15323.52,10808.16,41.36,8312.74,Female,55+,France,High,Paperback
394,Oracle of the Broken Star,Aelric Moonshadow,15.77,10.39,3288,51851.76,34162.32,17689.44,34.12,9031.29,Female,45-54,USA,High,Paperback
395,Shadow of the Crystal Keep,Thorin Blackthorn,11.09,7.44,3954,43849.86,29417.76,14432.1,32.91,2372.96,Non-binary,35-44,USA,High,Ebook
396,The Phantom Spellbinder,Rowan Ashbinder,16.98,6.42,1063,18049.74,6824.46,11225.28,62.19,2939.38,Non-binary,35-44,USA,Medium,Paperback
397,Echoes of the Forgotten Realm,Elowen Frost,12.12,5.13,205,2484.6,1051.65,1432.95,57.67,6298.17,Female,35-44,Canada,Low,Ebook
398,Realm of Crimson Magic,Thorin Blackthorn,22.9,9.37,2237,51227.3,20960.69,30266.61,59.08,1657.92,Non-binary,45-54,Germany,Medium,Paperback
399,The Obsidian Gatekeeper,Kael Stormborn,9.53,5.46,3754,35775.62,20496.84,15278.78,42.71,3305.14,Non-binary,35-44,France,Medium,Hardcover
400,Moonblade Prophecy,Darius Grimveil,24.84,9.29,135,3353.4,1254.15,2099.25,62.6,4533.01,Female,25-34,Germany,Medium,Paperback
401,Oracle of the Broken Star,Darius Grimveil,7.18,4.5,1808,12981.44,8136.0,4845.44,37.33,6514.94,Non-binary,25-34,Australia,Low,Ebook
402,The Necromancer's Garden,Kael Stormborn,28.79,15.57,1400,40306.0,21798.0,18508.0,45.92,8899.96,Non-binary,55+,USA,Medium,Paperback
403,The Silent Mage of Eldoria,Elowen Frost,10.7,4.12,109,1166.3,449.08,717.22,61.5,2160.35,Female,18-24,Australia,Medium,Paperback
404,The Void King's Apprentice,Elowen Frost,14.02,9.29,4915,68908.3,45660.35,23247.95,33.74,5788.05,Male,35-44,Australia,High,Ebook
405,The Lost Kingdom of Nyx,Aelric Moonshadow,11.39,4.79,3783,43088.37,18120.57,24967.8,57.95,4525.51,Male,25-34,Germany,High,Ebook
406,The Void King's Apprentice,Elowen Frost,21.69,7.34,3140,68106.6,23047.6,45059.0,66.16,4527.48,Female,25-34,Canada,Medium,Paperback
407,The Cursed Ember Crown,Elowen Frost,8.82,3.48,3279,28920.78,11410.92,17509.86,60.54,8696.57,Non-binary,18-24,France,Medium,Paperback
408,The Lost Kingdom of Nyx,Elowen Frost,10.42,3.52,3603,37543.26,12682.56,24860.7,66.22,3466.58,Female,25-34,Germany,Medium,Hardcover
409,Sword of Eternal Twilight,Isolde Ravencrest,10.76,4.12,1646,17710.96,6781.52,10929.44,61.71,2703.5,Non-binary,35-44,Canada,Medium,Hardcover
410,Echoes of the Forgotten Realm,Isolde Ravencrest,14.77,7.94,869,12835.13,6899.86,5935.27,46.24,3108.13,Female,18-24,France,Medium,Hardcover
411,The Cursed Ember Crown,Seraphina Dusk,19.93,11.37,1677,33422.61,19067.49,14355.12,42.95,4567.9,Female,45-54,UK,High,Paperback
412,Moonblade Prophecy,Aelric Moonshadow,22.94,13.24,3451,79165.94,45691.24,33474.7,42.28,1719.75,Female,55+,Germany,High,Ebook
413,The Necromancer's Garden,Darius Grimveil,7.6,4.48,2701,20527.6,12100.48,8427.12,41.05,9102.49,Male,25-34,Canada,Low,Hardcover
414,Realm of Crimson Magic,Elowen Frost,24.32,9.87,4548,110607.36,44888.76,65718.6,59.42,6159.63,Female,55+,France,High,Hardcover
415,The Silent Mage of Eldoria,Isolde Ravencrest,15.03,6.72,2572,38657.16,17283.84,21373.32,55.29,6362.98,Non-binary,45-54,Australia,Low,Ebook
416,The Obsidian Gatekeeper,Thorin Blackthorn,16.06,10.16,2664,42783.84,27066.24,15717.6,36.74,1164.35,Male,55+,Australia,Low,Ebook
417,Shadow of the Crystal Keep,Lucian Darkwater,21.0,8.58,1835,38535.0,15744.3,22790.7,59.14,6683.34,Male,18-24,France,Low,Paperback
418,The Necromancer's Garden,Thorin Blackthorn,18.32,7.87,441,8079.12,3470.67,4608.45,57.04,6860.13,Non-binary,25-34,UK,High,Paperback
419,The Forgotten Rune,Elowen Frost,29.85,16.86,1332,39760.2,22457.52,17302.68,43.52,9957.06,Non-binary,45-54,Canada,Low,Ebook
420,The Lost Kingdom of Nyx,Isolde Ravencrest,16.16,7.0,761,12297.76,5327.0,6970.76,56.68,5841.82,Non-binary,45-54,UK,Low,Ebook
421,The Void King's Apprentice,Kael Stormborn,28.94,10.71,2434,70439.96,26068.14,44371.82,62.99,7670.96,Male,18-24,Germany,High,Hardcover
422,The Void King's Apprentice,Darius Grimveil,9.26,4.29,732,6778.32,3140.28,3638.04,53.67,8307.16,Male,55+,France,High,Hardcover
423,Empire of Hollow Gods,Lyra Nightwind,5.03,2.11,3819,19209.57,8058.09,11151.48,58.05,8056.77,Male,55+,USA,Low,Paperback
424,The Lost Kingdom of Nyx,Lucian Darkwater,28.18,11.1,4543,128021.74,50427.3,77594.44,60.61,9754.56,Female,35-44,Canada,Medium,Paperback
425,The Obsidian Gatekeeper,Kael Stormborn,5.5,3.27,463,2546.5,1514.01,1032.49,40.55,2814.74,Female,55+,USA,High,Paperback
426,Chronicles of the Ashen Throne,Lyra Nightwind,21.79,7.35,4651,101345.29,34184.85,67160.44,66.27,7675.07,Non-binary,18-24,UK,Medium,Hardcover
427,Sword of Eternal Twilight,Lucian Darkwater,8.19,5.16,1623,13292.37,8374.68,4917.69,37.0,7233.07,Female,18-24,France,Low,Ebook
428,Empire of Hollow Gods,Lyra Nightwind,5.9,2.49,1701,10035.9,4235.49,5800.41,57.8,4118.64,Female,45-54,France,Medium,Ebook
429,The Last Dragon Scribe,Lucian Darkwater,13.66,5.4,2596,35461.36,14018.4,21442.96,60.47,3402.48,Male,25-34,USA,High,Ebook
430,The Wandering Alchemist,Darius Grimveil,14.92,7.14,3367,50235.64,24040.38,26195.26,52.14,8796.7,Male,18-24,France,Medium,Ebook
431,Realm of Crimson Magic,Aelric Moonshadow,9.04,5.56,2290,20701.6,12732.4,7969.2,38.5,9925.5,Male,35-44,UK,Low,Ebook
432,Moonblade Prophecy,Kael Stormborn,26.29,10.08,660,17351.4,6652.8,10698.6,61.66,1605.48,Male,35-44,USA,High,Paperback
433,Realm of Crimson Magic,Kael Stormborn,25.44,11.51,3387,86165.28,38984.37,47180.91,54.76,5558.57,Non-binary,55+,Canada,Medium,Ebook
434,Moonblade Prophecy,Lyra Nightwind,23.04,8.21,172,3962.88,1412.12,2550.76,64.37,3564.02,Non-binary,35-44,UK,Low,Hardcover
435,Oracle of the Broken Star,Lyra Nightwind,5.57,2.01,3078,17144.46,6186.78,10957.68,63.91,3787.95,Female,55+,Germany,High,Hardcover
436,The Phantom Spellbinder,Aelric Moonshadow,29.39,16.35,2085,61278.15,34089.75,27188.4,44.37,1758.98,Non-binary,35-44,Australia,Medium,Paperback
437,The Obsidian Gatekeeper,Lucian Darkwater,26.55,17.76,1233,32736.15,21898.08,10838.07,33.11,9033.49,Female,45-54,USA,High,Ebook
438,Sword of Eternal Twilight,Lyra Nightwind,25.73,10.99,2630,67669.9,28903.7,38766.2,57.29,4287.3,Non-binary,35-44,USA,High,Paperback
439,Whispers of the Iron Forest,Darius Grimveil,8.66,3.87,3064,26534.24,11857.68,14676.56,55.31,745.21,Male,45-54,France,High,Paperback
440,Sword of Eternal Twilight,Seraphina Dusk,8.38,5.74,4323,36226.74,24814.02,11412.72,31.5,4608.73,Female,18-24,UK,Low,Hardcover
441,The Frozen Realm Awakens,Seraphina Dusk,12.8,6.43,3136,40140.8,20164.48,19976.32,49.77,1503.81,Female,18-24,USA,Low,Paperback
442,The Necromancer's Garden,Isolde Ravencrest,21.02,8.12,4449,93517.98,36125.88,57392.1,61.37,6224.26,Non-binary,55+,Germany,Medium,Paperback
443,The Forgotten Rune,Lyra Nightwind,14.12,6.42,2053,28988.36,13180.26,15808.1,54.53,4868.1,Female,55+,UK,High,Ebook
444,The Phantom Spellbinder,Kael Stormborn,6.45,4.5,2050,13222.5,9225.0,3997.5,30.23,7102.83,Male,35-44,Australia,Medium,Paperback
445,The Void King's Apprentice,Elowen Frost,29.59,11.71,4344,128538.96,50868.24,77670.72,60.43,1653.16,Non-binary,55+,USA,High,Hardcover
446,Empire of Hollow Gods,Thorin Blackthorn,12.58,4.28,499,6277.42,2135.72,4141.7,65.98,1091.77,Female,35-44,Canada,Medium,Paperback
447,Whispers of the Iron Forest,Thorin Blackthorn,17.74,12.39,2248,39879.52,27852.72,12026.8,30.16,6344.58,Female,35-44,Australia,Medium,Hardcover
448,Whispers of the Iron Forest,Seraphina Dusk,12.66,6.96,4319,54678.54,30060.24,24618.3,45.02,8556.15,Female,25-34,France,High,Hardcover
449,The Lost Kingdom of Nyx,Rowan Ashbinder,23.11,14.26,867,20036.37,12363.42,7672.95,38.3,2348.91,Male,45-54,UK,Low,Hardcover
450,The Forgotten Rune,Kael Stormborn,14.19,6.61,1649,23399.31,10899.89,12499.42,53.42,2180.43,Female,55+,Australia,Medium,Hardcover
451,The Phantom Spellbinder,Kael Stormborn,14.68,10.06,4581,67249.08,46084.86,21164.22,31.47,1771.14,Non-binary,55+,USA,Medium,Hardcover
452,The Lost Kingdom of Nyx,Elowen Frost,15.46,9.53,2808,43411.68,26760.24,16651.44,38.36,7722.75,Female,35-44,USA,Medium,Hardcover
453,Chronicles of the Ashen Throne,Isolde Ravencrest,8.43,4.33,3184,26841.12,13786.72,13054.4,48.64,615.15,Non-binary,25-34,Canada,Medium,Hardcover
454,Sword of Eternal Twilight,Seraphina Dusk,11.03,7.61,2485,27409.55,18910.85,8498.7,31.01,1113.86,Male,55+,USA,High,Ebook
455,Empire of Hollow Gods,Lucian Darkwater,6.07,2.72,4692,28480.44,12762.24,15718.2,55.19,5705.62,Male,45-54,France,Low,Hardcover
456,Chronicles of the Ashen Throne,Lyra Nightwind,16.36,10.43,4378,71624.08,45662.54,25961.54,36.25,1917.76,Female,45-54,USA,High,Hardcover
457,Oracle of the Broken Star,Darius Grimveil,8.18,5.28,4819,39419.42,25444.32,13975.1,35.45,7504.89,Non-binary,25-34,France,Medium,Hardcover
458,Whispers of the Iron Forest,Isolde Ravencrest,16.9,7.61,1559,26347.1,11863.99,14483.11,54.97,8665.87,Non-binary,45-54,Germany,Medium,Ebook
459,Echoes of the Forgotten Realm,Kael Stormborn,14.81,10.11,2772,41053.32,28024.92,13028.4,31.74,9575.68,Non-binary,18-24,Canada,High,Ebook
460,The Lost Kingdom of Nyx,Lyra Nightwind,24.67,10.51,671,16553.57,7052.21,9501.36,57.4,1225.96,Male,25-34,France,High,Hardcover
461,Empire of Hollow Gods,Rowan Ashbinder,11.98,8.05,4195,50256.1,33769.75,16486.35,32.8,9066.74,Male,55+,France,High,Ebook
462,Sword of Eternal Twilight,Seraphina Dusk,16.54,9.18,2949,48776.46,27071.82,21704.64,44.5,4170.31,Female,18-24,UK,Low,Hardcover
463,Oracle of the Broken Star,Lucian Darkwater,16.25,6.35,4026,65422.5,25565.1,39857.4,60.92,5424.88,Non-binary,55+,Germany,High,Ebook
464,Realm of Crimson Magic,Elowen Frost,8.75,5.21,2248,19670.0,11712.08,7957.92,40.46,954.39,Female,35-44,Australia,Medium,Ebook
465,Realm of Crimson Magic,Lucian Darkwater,5.95,3.56,3556,21158.2,12659.36,8498.84,40.17,1184.8,Male,35-44,UK,Medium,Paperback
466,Chronicles of the Ashen Throne,Kael Stormborn,6.78,2.07,1768,11987.04,3659.76,8327.28,69.47,5331.5,Male,18-24,France,Low,Hardcover
467,Chronicles of the Ashen Throne,Seraphina Dusk,14.69,7.12,1774,26060.06,12630.88,13429.18,51.53,9722.12,Female,25-34,Germany,Medium,Hardcover
468,The Wandering Alchemist,Lyra Nightwind,28.56,17.52,662,18906.72,11598.24,7308.48,38.66,2154.04,Female,45-54,Canada,Low,Hardcover
469,Shadow of the Crystal Keep,Lyra Nightwind,7.46,4.21,3523,26281.58,14831.83,11449.75,43.57,1152.77,Male,35-44,France,Low,Ebook
470,Empire of Hollow Gods,Elowen Frost,15.61,5.2,3391,52933.51,17633.2,35300.31,66.69,9039.56,Non-binary,25-34,Germany,Low,Hardcover
471,The Void King's Apprentice,Kael Stormborn,24.56,9.61,2476,60810.56,23794.36,37016.2,60.87,4128.43,Female,25-34,Australia,High,Paperback
472,Empire of Hollow Gods,Kael Stormborn,10.14,3.53,1713,17369.82,6046.89,11322.93,65.19,1157.92,Female,18-24,France,High,Paperback
473,The Frozen Realm Awakens,Rowan Ashbinder,29.0,14.25,469,13601.0,6683.25,6917.75,50.86,3561.05,Female,45-54,UK,High,Paperback
474,The Cursed Ember Crown,Darius Grimveil,8.13,3.98,869,7064.97,3458.62,3606.35,51.05,6217.88,Non-binary,18-24,Germany,Low,Ebook
475,Empire of Hollow Gods,Seraphina Dusk,19.56,11.72,1411,27599.16,16536.92,11062.24,40.08,6356.75,Female,25-34,Australia,Low,Hardcover
476,The Wandering Alchemist,Lucian Darkwater,8.92,2.83,2420,21586.4,6848.6,14737.8,68.27,9316.79,Non-binary,35-44,Germany,Medium,Ebook
477,Sword of Eternal Twilight,Rowan Ashbinder,10.62,4.77,3797,40324.14,18111.69,22212.45,55.08,9459.22,Male,35-44,Canada,Medium,Ebook
478,Empire of Hollow Gods,Darius Grimveil,11.02,3.84,3459,38118.18,13282.56,24835.62,65.15,5212.45,Non-binary,55+,UK,High,Paperback
479,The Phantom Spellbinder,Lyra Nightwind,5.32,3.71,1667,8868.44,6184.57,2683.87,30.26,3510.76,Male,35-44,UK,Low,Hardcover
480,Moonblade Prophecy,Lucian Darkwater,26.98,10.88,3090,83368.2,33619.2,49749.0,59.67,2896.29,Female,45-54,Germany,Low,Ebook
481,Sword of Eternal Twilight,Kael Stormborn,23.88,11.56,401,9575.88,4635.56,4940.32,51.59,7420.66,Male,45-54,France,High,Ebook
482,Empire of Hollow Gods,Lucian Darkwater,24.41,13.73,4451,108648.91,61112.23,47536.68,43.75,5677.76,Male,45-54,Canada,Low,Paperback
483,The Phantom Spellbinder,Isolde Ravencrest,29.62,19.99,3968,117532.16,79320.32,38211.84,32.51,7415.5,Non-binary,18-24,Canada,Low,Hardcover
484,Moonblade Prophecy,Elowen Frost,7.7,4.42,382,2941.4,1688.44,1252.96,42.6,9668.73,Female,55+,Germany,High,Hardcover
485,The Necromancer's Garden,Isolde Ravencrest,17.21,6.2,560,9637.6,3472.0,6165.6,63.97,4427.46,Female,45-54,Australia,Low,Paperback
486,Realm of Crimson Magic,Aelric Moonshadow,23.95,14.31,614,14705.3,8786.34,5918.96,40.25,3326.71,Male,35-44,UK,Medium,Paperback
487,The Void King's Apprentice,Darius Grimveil,19.13,11.01,1404,26858.52,15458.04,11400.48,42.45,7730.65,Male,45-54,Germany,High,Hardcover
488,The Void King's Apprentice,Lucian Darkwater,9.0,4.36,3827,34443.0,16685.72,17757.28,51.56,8211.65,Male,55+,UK,Medium,Ebook
489,The Obsidian Gatekeeper,Lucian Darkwater,23.54,15.36,1955,46020.7,30028.8,15991.9,34.75,8100.67,Male,45-54,Germany,Low,Hardcover
490,The Last Dragon Scribe,Elowen Frost,10.1,5.27,4067,41076.7,21433.09,19643.61,47.82,8243.62,Female,18-24,Australia,Medium,Hardcover
491,Whispers of the Iron Forest,Isolde Ravencrest,20.37,11.72,2259,46015.83,26475.48,19540.35,42.46,7946.02,Male,25-34,USA,High,Ebook
492,The Obsidian Gatekeeper,Rowan Ashbinder,18.86,5.7,2749,51846.14,15669.3,36176.84,69.78,8479.66,Non-binary,45-54,USA,High,Paperback
493,The Cursed Ember Crown,Elowen Frost,25.82,7.86,3589,92667.98,28209.54,64458.44,69.56,7707.43,Male,55+,Canada,High,Hardcover
494,The Lost Kingdom of Nyx,Lucian Darkwater,21.96,13.23,3995,87730.2,52853.85,34876.35,39.75,5269.48,Male,35-44,France,Medium,Hardcover
495,Realm of Crimson Magic,Darius Grimveil,8.12,3.69,1143,9281.16,4217.67,5063.49,54.56,7913.8,Non-binary,18-24,USA,Medium,Paperback
496,The Silent Mage of Eldoria,Thorin Blackthorn,10.43,3.7,2123,22142.89,7855.1,14287.79,64.53,2194.54,Non-binary,25-34,USA,Low,Ebook
497,The Phantom Spellbinder,Elowen Frost,5.73,2.1,4383,25114.59,9204.3,15910.29,63.35,8044.87,Non-binary,45-54,Australia,Low,Ebook
498,The Silent Mage of Eldoria,Kael Stormborn,7.32,3.92,2663,19493.16,10438.96,9054.2,46.45,5346.04,Female,45-54,UK,High,Paperback
499,Sword of Eternal Twilight,Lucian Darkwater,23.09,7.89,3047,70355.23,24040.83,46314.4,65.83,1001.64,Non-binary,35-44,France,Medium,Hardcover
500,The Wandering Alchemist,Seraphina Dusk,17.16,9.26,3359,57640.44,31104.34,26536.1,46.04,8337.97,Non-binary,18-24,France,Low,Ebook
